{"0":{"n":24409,"pe":14.735224586288416,"pb":1.6179675041744142,"nm":0.06274125686917922,"rev":1557000000.0,"label":"Profitable Mid-Cap"},"1":{"n":30335,"pe":14.219827024207918,"pb":1.2832695207531597,"nm":0.05869999704321524,"rev":215991000.0,"label":"Large-Cap / Diversified"},"2":{"n":19866,"pe":9.174311926605505,"pb":1.7856366345613959,"nm":-1.0,"rev":3154162.5,"label":"Pre-Profit / Small-Cap"}}