{"year":2015,"n":36,"dots":{"x":[3.7605204582214355,5.2470526695251465,9.675609588623047,3.506396770477295,9.801891326904297,3.0236966609954834,9.69025993347168,4.052527904510498,3.1367764472961426,3.2749483585357666,2.7236216068267822,2.123432159423828,3.6485159397125244,3.241434335708618,3.8119897842407227,12.909921646118164,2.829845666885376,4.952618598937988,2.7975821495056152,9.77991008758545,4.060293197631836,2.369602680206299,9.465893745422363,4.148658752441406,9.361572265625,5.287013530731201,5.56567907333374,3.6478211879730225,9.518750190734863,9.575811386108398,3.4060046672821045,2.570126533508301,2.8806936740875244,3.0285208225250244,2.8238840103149414,2.977623462677002],"y":[3.5213229656219482,-3.768167495727539,6.9072394371032715,3.3571226596832275,6.869406700134277,3.078000545501709,6.91187047958374,-3.835986375808716,3.097306489944458,-3.9195637702941895,2.8956713676452637,2.43608021736145,-3.7763874530792236,3.2137815952301025,3.5531294345855713,-3.688831329345703,2.911989450454712,-3.753641366958618,2.8825178146362305,6.897933006286621,-4.538881301879883,2.561180591583252,6.805523872375488,-4.504270553588867,6.9699482917785645,2.9630074501037598,-3.7816736698150635,3.443347454071045,6.76569128036499,6.514578819274902,3.299471855163574,2.6409542560577393,3.0312936305999756,2.3205907344818115,3.022979259490967,3.158560276031494],"z":[0.08980054784144176,0.5475494820400645,1.0911589087963571,1.3591803993500595,0.8695456588120745,1.841763234117879,1.3332824201826325,1.228205799491768,2.4889931357926947,1.552849493612916,1.3404735312158638,1.2202152018874624,1.1360534504882833,0.2794459152603927,1.3871950409819782,0.4168036425540781,0.5942247668765914,0.34742358157407216,1.4697978165461991,1.1273628748654654,0.3047723560057761,1.7793907751664693,1.3015381612115933,1.264754374119009,0.9381113562370269,0.7665708132165144,0.9691101958206437,0.8731755364257506,1.1014186842070752,-0.09003675318506098,1.6765298346475062,0.8912725158843712,1.8890766383495075,1.3351606572186756,0.2659585003849552,1.1906819306677248],"color":[0.49791839164858115,0.18596676467614717,0.12159299342086408,0.22918114418018506,0.09394055109738307,0.24132520422896345,0.21978079884440402,0.034088758624455665,0.13679301544692704,0.25409012731075314,0.029780348800722688,0.16925478613650435,0.6657356847244023,0.7359148818266653,0.44066204230670314,0.7071805158569386,0.3507483305131297,0.08141464276719731,0.5264574498922662,0.3773847653370065,0.8691977126615565,0.07485088299261554,0.5090313732901703,0.19142639750054358,0.6384689641788756,0.9852652493952927,0.4240037380778524,0.48189883335511824,0.37027114596938365,0.2326092879175012,0.2729383399549925,0.17027366722952011,0.2659407759103562,0.4633999081044137,0.34054452136122715,0.34054452136122715],"size":[3.6199133886229964,5.7766654221583975,5.812982682440483,6.52169956863093,6.22123249295845,5.635350090541801,7.0,3.0,4.559691240512137,4.588163644870432,7.0,4.801375094333399,5.356581647763557,5.099342419432648,6.351981187124433,5.539621138564221,5.162141860079922,6.144143066566535,3.062783583210921,6.572612374143496,6.83104728321924,4.437460020034894,4.026550080973513,5.080583446944943,4.564098458209913,4.039950447514918,5.7011541031840105,5.841960636938692,3.6037865539197877,3.0,4.624578815343019,5.6516181071952944,3.6424588843598364,4.54138547000511,6.9606972516245005,6.9606972516245005]},"vertices":[{"name":"ANDREA ELECTRONICS CORPORATION","cik":6494,"fy":2015,"cl":2,"nm":0.2300111175906215,"pe":1.1476264466176331,"pb":1.3744477828498634,"rg":3.7495140990233176,"rev":13234882.0,"mdp":63.54912210159496},{"name":"INDEPENDENCE HOLDING COMPANY","cik":701869,"fy":2015,"cl":2,"nm":0.05619402929055601,"pe":3.2926796687149347,"pb":0.3049194219284926,"rg":-0.0019946322853241884,"rev":532868000.0,"mdp":15.224500737166599},{"name":"BEL FUSE INC /NJ","cik":729580,"fy":2015,"cl":2,"nm":0.033852366509134514,"pe":11.51221545033078,"pb":0.9480014756222064,"rg":6.4225130890052355,"rev":567080000.0,"mdp":5.019434392172631},{"name":"Covista Inc.","cik":730464,"fy":2015,"cl":2,"nm":0.07324773566540992,"pe":21.339311317450445,"pb":1.8837263230292591,"rg":3.0991003172068625,"rev":1909943000.0,"mdp":63.27972121699504},{"name":"AEP INDUSTRIES INC","cik":785787,"fy":2015,"cl":2,"nm":0.025264786563062087,"pe":6.911075840066581,"pb":2.223080202570052,"rg":25.095498296714602,"rev":1141391000.0,"mdp":83.73140329714516},{"name":"AMAG PHARMACEUTICALS,\u00a0INC.","cik":792977,"fy":2015,"cl":2,"nm":0.07836691562508966,"pe":64.828091155923,"pb":2.2793972522804697,"rg":2.3627797787496783,"rev":418276000.0,"mdp":50.164857257740245},{"name":"AIRGAS INC","cik":804212,"fy":2015,"cl":2,"nm":0.06938623551688679,"pe":20.10399743538195,"pb":3.4393233642531604,"rg":62.153392857142855,"rev":5304885000.0,"mdp":30.90872537193406},{"name":"PROCYON CORPORATION","cik":812306,"fy":2015,"cl":2,"nm":0.008517500960600064,"pe":15.783590308370044,"pb":0.17285546753952835,"rg":-0.023689669347109275,"rev":2771705.0,"mdp":80.83366840906045},{"name":"Eagle Pharmaceuticals, Inc.","cik":827871,"fy":2015,"cl":2,"nm":0.038821024657616984,"pe":287.7352936600545,"pb":8.188431201089182,"rg":2.467563746793026,"rev":66227000.0,"mdp":25.31430103203324},{"name":"HOMEFED CORPORATION","cik":833795,"fy":2015,"cl":2,"nm":0.08391095516120682,"pe":33.331088260497,"pb":0.47858266011452305,"rg":0.1686076800268885,"rev":69538000.0,"mdp":97.49899477281866},{"name":"SPARTANNASH COMPANY","cik":877422,"fy":2015,"cl":2,"nm":0.007402165369599177,"pe":20.439653594101987,"pb":1.6027797037951002,"rg":2.0351136433347645,"rev":7916062000.0,"mdp":68.46267256399946},{"name":"CPI AEROSTRUCTURES, INC.","cik":889348,"fy":2015,"cl":2,"nm":0.050058532937437915,"pe":15.495842797228784,"pb":1.102009284877615,"rg":1.524820010376191,"rev":100202557.0,"mdp":3.88821873743466},{"name":"REDWOOD TRUST, INC.","cik":930236,"fy":2015,"cl":2,"nm":0.3935058126985106,"pe":12.765959152887705,"pb":1.1369545768212412,"rg":0.07172305531457843,"rev":259432000.0,"mdp":98.28977348880848},{"name":"Impac Mortgage Holdings, Inc.","cik":1000298,"fy":2015,"cl":2,"nm":0.48395095743215316,"pe":1.776012079357418,"pb":1.2533845750720587,"rg":2.6946380756378763,"rev":166957000.0,"mdp":39.91288031095028},{"name":"E TRADE FINANCIAL CORP","cik":1015780,"fy":2015,"cl":2,"nm":0.1876750700280112,"pe":22.761194029850746,"pb":1.0519055009484395,"rg":3.808080808080808,"rev":1428000000.0,"mdp":30.357860876558103},{"name":"FLAGSTAR BANCORP INC","cik":1033012,"fy":2015,"cl":2,"nm":0.4450704225352113,"pe":2.4367088607594938,"pb":0.2517985611510791,"rg":-0.41549834940026836,"rev":355000000.0,"mdp":92.7851494437743},{"name":"GOLDEN ENTERTAINMENT, INC.","cik":1071255,"fy":2015,"cl":2,"nm":0.13188184419440202,"pe":3.6662727161500817,"pb":0.42709460056536097,"rg":2.1860305709781342,"rev":185924000.0,"mdp":36.160032167269804},{"name":"KINGOLD JEWELRY, INC.","cik":1089531,"fy":2015,"cl":2,"nm":0.021558298775757264,"pe":2.076938235514551,"pb":0.16861689991360687,"rg":-0.09696756038929533,"rev":1000161294.0,"mdp":57.76303444578475},{"name":"IntelGenx Technologies Corp.","cik":1098880,"fy":2015,"cl":2,"nm":0.25338567222767416,"pe":27.529467854376453,"pb":6.387588605319913,"rg":2.071127185051236,"rev":5095000.0,"mdp":56.609033641603},{"name":"NuStar Energy L.P.","cik":1110805,"fy":2015,"cl":2,"nm":0.147175678010019,"pe":12.513041210224308,"pb":2.3840819358894403,"rg":6.366702014846235,"rev":2084040000.0,"mdp":57.07009784211232},{"name":"VISTEON CORPORATION","cik":1111335,"fy":2015,"cl":2,"nm":0.7038520801232666,"pe":1.882661996497373,"pb":4.068117313150426,"rg":-0.5678519110400853,"rev":3245000000.0,"mdp":98.56855649376759},{"name":"SUNWORKS, INC.","cik":1172631,"fy":2015,"cl":2,"nm":0.019660045054269916,"pe":56.15530303030303,"pb":2.5189023872228358,"rg":1.6604350615949683,"rev":53713000.0,"mdp":17.76705535451012},{"name":"EyePoint, Inc.","cik":1314102,"fy":2015,"cl":2,"nm":0.23892339544513458,"pe":18.686938711202142,"pb":5.075573433755563,"rg":6.6490066225165565,