{"year":2016,"n":42,"dots":{"x":[5.543534278869629,9.630941390991211,7.063844203948975,9.762115478515625,9.396306991577148,9.569906234741211,5.702210903167725,9.682546615600586,2.556239604949951,9.546749114990234,9.605917930603027,5.862516403198242,9.791624069213867,9.512211799621582,4.107488632202148,9.401296615600586,2.0841312408447266,13.231383323669434,3.7446858882904053,2.059670925140381,3.2689208984375,3.725778818130493,2.6846203804016113,9.510621070861816,3.81960391998291,3.8473923206329346,4.2261152267456055,10.954853057861328,3.396690607070923,2.663111925125122,3.7967209815979004,9.39474868774414,2.7781589031219482,2.5266687870025635,9.337689399719238,9.618758201599121,7.55040168762207,3.6554877758026123,2.7144012451171875,9.472857475280762,5.596735954284668,4.087618350982666],"y":[-3.7756574153900146,6.915316104888916,2.9556331634521484,6.901419639587402,6.965867042541504,6.918392658233643,-3.824730396270752,6.876206874847412,2.7870757579803467,6.878486633300781,6.992389678955078,-3.8013572692871094,6.895083904266357,6.8940043449401855,-4.618596076965332,6.85125732421875,2.56825590133667,-3.4935219287872314,3.5114471912384033,2.511488199234009,3.2101497650146484,-3.6941144466400146,2.933783531188965,6.599111557006836,-5.0568718910217285,-3.70931077003479,-4.6407623291015625,-4.223333835601807,3.268646478652954,2.999202251434326,3.543187141418457,6.827023029327393,2.9062583446502686,2.8159379959106445,6.978745937347412,6.9728007316589355,-3.9669337272644043,3.4328296184539795,2.785334348678589,6.839901447296143,-3.5167243480682373,-4.532566547393799],"z":[0.8807501608486723,1.1680810138733038,0.20808480896462997,1.1663087136479953,0.5877311545734375,0.8648650541754571,0.4300370940873717,1.9408307000604832,0.6802960052474216,1.1648065208000502,0.2383850247070049,0.22544431485305724,1.689768553048254,0.8636937634246851,1.5408823557074647,1.3729221569921584,1.0957970393323457,0.5062738505836769,1.5977610453877602,0.291535939456817,1.388364843634365,0.004384453391851204,1.1742921404917104,1.2643871516059282,0.11345041253250521,0.7957941989650805,0.9407942485395802,0.04057309893428494,1.9929613288973607,0.8693181313071396,1.1504844950253659,1.0083598335052308,1.5871455132724486,0.37685267673352685,1.156012980536378,0.2904826242084044,-0.12165297259418037,1.9749855067380422,0.9646382851468275,1.8317868617098199,0.6693814736069976,1.1156644682373487],"color":[0.14205944153179076,0.1885321960657027,0.4317777210761498,0.35482078804458256,0.590649813209503,0.4135456607412777,0.4538452213565204,0.01214086471218265,0.6953870079663536,0.39142826550683973,0.27184651076353483,0.21093215214130395,0.02820525680922801,0.38589252906198135,0.4804731184695872,0.6186878880122584,0.4471905384150757,0.6795049024388496,0.4657277016190297,0.2778168168120002,0.38976471070865254,0.20983941894138763,0.33152495778091484,0.42228114027226943,0.292378661462422,0.27471483513022843,0.19142639750054358,0.03412299782467242,0.07266746052962239,0.7610052292752644,0.23641887840957426,0.5762627207827724,0.5457398103268747,0.6353597236283576,0.5469393025805025,0.04854500109281786,0.6378723061740786,0.3487587767382887,0.3570285897813641,0.38678097023123387,0.3528708313749924,0.9347651850777092],"size":[4.282824332514169,6.7528301217217805,3.8678779519024777,5.683829689387386,3.708758818275468,7.0,3.0,7.0,4.990029833176566,4.321023474638195,5.222996998516416,4.507117803117522,6.817976062666235,3.85650002502763,5.771887949818902,3.302889998368773,3.887365702626576,5.515639961467788,5.763128111240592,3.0878673279338016,4.6055319090617335,6.332426700026224,7.0,3.0,3.0,6.219521982784781,4.88428059881524,5.591185940174323,3.435672985976826,4.156757128184224,5.745038924155296,4.039722730884993,3.5608577099870438,4.774036289214892,4.5724417948548055,3.4242810772381906,6.051467305734265,5.150382470207138,3.459696786088996,3.871140123141225,4.764948805257622,5.276599224919861]},"vertices":[{"name":"INVESTORS HERITAGE CAPITAL CORP","cik":55362,"fy":2016,"cl":2,"nm":0.04058521948727989,"pe":7.091696823625668,"pb":0.33584786814332557,"rg":-0.03836901137692019,"rev":65560838.0,"mdp":29.81101728990752},{"name":"TIMKEN CO","cik":98362,"fy":2016,"cl":2,"nm":0.05715783953854221,"pe":13.742983145478375,"pb":1.6449754710173348,"rg":128.60194174757282,"rev":2669800000.0,"mdp":33.48612786489747},{"name":"Innovative Food Holdings, Inc.","cik":312257,"fy":2016,"cl":2,"nm":0.18161135376989473,"pe":1.5069013049287654,"pb":3.674817664827026,"rg":0.14760998305261214,"rev":35172388.0,"mdp":99.64750033507572},{"name":"CENTERSPACE","cik":798359,"fy":2016,"cl":2,"nm":0.13415733854019168,"pe":13.687014068272088,"pb":1.5927828569489202,"rg":6.0577529981064595,"rev":536728000.0,"mdp":28.720010722423268},{"name":"CALIFORNIA FIRST NATIONAL BANCORP","cik":803016,"fy":2016,"cl":2,"nm":0.31219089563553665,"pe":3.611862049028677,"pb":0.16351720220707563,"rg":89.82295081967213,"rev":27701000.0,"mdp":51.23575928159764},{"name":"Carnival Corporation","cik":815097,"fy":2016,"cl":2,"nm":0.16956495210201963,"pe":6.836991723641598,"pb":0.8408195778200646,"rg":71.51769911504425,"rev":16389000000.0,"mdp":88.06728320600456},{"name":"GOLIATH FILM AND MEDIA HOLDINGS","cik":820771,"fy":2016,"cl":2,"nm":0.1969142857142857,"pe":2.51210098665119,"pb":0.45938029006118564,"rg":null,"rev":175000.0,"mdp":92.77710762632356},{"name":"Andersons, Inc.","cik":821026,"fy":2016,"cl":2,"nm":0.002954043401048209,"pe":81.4386751768156,"pb":1.2193279361951337,"rg":719.5415825224894,"rev":3924790000.0,"mdp":22.365634633427153},{"name":"Eagle Pharmaceuticals, Inc.","cik":827871,"fy":2016,"cl":2,"nm":0.42987196673034905,"pe":4.469881453107927,"pb":2.4075572586724503,"rg":1.8610989475591526,"rev":189482000.0,"mdp":28.965286154670956},{"name":"Progenics Pharmaceuticals Inc","cik":835887,"fy":2016,"cl":2,"nm":0.1556410145616385,"pe":13.63975347029428,"pb":1.4069144918959164,"rg":7.002420470262794,"rev":69429000.0,"mdp":27.29392842782469},{"name":"ENLIGHTIFY INC.","cik":857949,"fy":2016,"cl":2,"nm":0.09191060201197225,"pe":1.6157904044872058,"pb":0.10774220271209742,"rg":801.5062400726117,"rev":268785020.0,"mdp":19.185095831657957},{"name":"SYPRIS SOLUTIONS, INC.","cik":864240,"fy":2016,"cl":2,"nm":0.06583003801867164,"pe":1.5683547906668873,"pb":0.3631530385470151,"rg":-0.3683243533370492,"rev":91797000.0,"mdp":73.05991154000804},{"name":"Primo Water Corporation","cik":884713,"fy":2016,"cl":2,"nm":0.0069972826086956525,"pe":45.68446601941748,"pb":1.4720788362271233,"rg":100.16838487972508,"rev":2944000000.0,"mdp":34.548988071304116},{"name":"Aeon Global Health Corp.","cik":885074,"fy":2016,"cl":2,"nm":0.15227002894069558,"pe":6.818577223141074,"pb":0.8988220998972914,"rg":8.372978042830034,"rev":34576916.0,"mdp":19.20654067819327},{"name":"TAUBMAN CENTERS, INC.","cik":890319,"fy":2016,"cl":2,"nm":0.21649087350238427,"pe":32.42517701884431,"pb":59.65593784683685,"rg":0.0994037747769091,"rev":612557000.0,"mdp":43.98069963811822},{"name":"Titan Pharmaceuticals, Inc.","cik":910267,"fy":2016,"cl":2,"nm":0.34085628941254564,"pe":22.025316455696203,"pb":8.574027746190584,"rg":8.015559545182525,"rev":15065000.0,"mdp":36.224366706875756},{"name":"FIRST SOUTH BANCORP INC /VA/","cik":1027183,"fy":2016,"cl":2,"nm":0.19221395720121498,"pe":11.635821205982479,"pb":0.9290725485110356,"rg":1.532961136104938,"rev":36216215.0,"mdp":19.36067551266586},{"name":"FLAGSTAR BANCORP INC","cik":1033012,"fy":2016,"cl":2,"nm":0.41007194244604317,"pe":2.9941520467836256,"pb":0.38323353293413176,"rg":0.17464788732394365,"rev":417000000.0,"mdp":85.6105079748023},{"name":"Manhattan Associates, Inc.","cik":1056696,"fy":2016,"cl":2,"nm":0.2054959251154151,"pe":36.962475135631145,"pb":27.11285698428256,"rg":3.604394516374714,"rev":604557000.0,"mdp":59.46387883661708},{"name":"SEYCHELLE ENVIRONMENTAL TECHNOLOGIES INC /CA","cik":1056757,"fy":2016,"cl":2,"nm":0.09467778703833808,"pe":1.8261478632371064,"pb":0.37221353337287716,"rg":1.5341573746197916,"rev":10910067.0,