{"year":2013,"n":36,"dots":{"x":[9.552251815795898,9.62407112121582,9.414560317993164,5.51365852355957,3.9107749462127686,10.111628532409668,10.02049732208252,9.768867492675781,9.515057563781738,9.626909255981445,2.7865099906921387,9.593825340270996,4.079362392425537,2.695850372314453,9.64604663848877,4.088751792907715,2.1572930812835693,9.49875545501709,2.621432304382324,3.0582327842712402,9.5792818069458,3.2559635639190674,3.331662893295288,9.359416961669922,5.936119556427002,3.0280253887176514,9.73757553100586,5.747127532958984,8.664880752563477,3.7610223293304443,7.5169572830200195,3.5469143390655518,5.719930171966553,2.4090521335601807,5.843381404876709,3.5682218074798584],"y":[6.912689685821533,6.90958309173584,6.991029262542725,-3.7531728744506836,3.621241331100464,5.674337863922119,6.768092632293701,6.918996334075928,6.959438323974609,6.97269868850708,2.927527904510498,6.9340386390686035,-4.616178512573242,2.9014031887054443,6.622511386871338,-4.609923839569092,2.421684503555298,6.913420677185059,2.1201369762420654,3.0903148651123047,6.812463283538818,3.227679491043091,3.2746825218200684,7.006507873535156,-3.7896859645843506,3.0854368209838867,6.850330829620361,-3.766892910003662,-3.9898717403411865,3.5270752906799316,3.368838310241699,3.4502933025360107,-3.6678435802459717,2.7489326000213623,-5.667716026306152,-3.8799006938934326],"z":[0.8644564387377626,0.7345931849615013,1.0743428225450038,0.8056150294476508,0.8848060160143066,0.1966496570204523,1.6465111875684137,1.3112660496350155,0.9119568561513517,0.27188583413043,1.724965478148885,0.8102024233232898,0.39093037958928967,1.5109142437368015,2.1172813230796743,0.5900752625829718,2.500989528939369,0.9540447830729345,0.7052598214347493,1.2348129331296762,1.4306385884698312,0.4497064152109984,0.5237713927305414,1.3753635618353528,1.6234598195660448,0.7735121392667185,1.671436454806024,0.47800239201934136,0.31585907745214403,0.3070925910715818,1.0556896037138837,1.1486347481357746,0.5925629151017183,1.1960593858450719,1.242575858994691,1.2581814601184833],"color":[0.23492085817597763,0.14153354606575294,0.6247655947991153,0.09813205239423042,0.15114093016546268,0.5192485005861036,0.01239056969856888,0.22303001739323353,0.5603489455615088,0.15314980565032868,0.5313586403176096,0.3493241829211213,0.7402122294885166,0.039142384123377984,0.03977011680898948,0.31484646223495155,0.06825614600835059,0.4573665322165083,0.366174372038129,0.34044212483052017,0.18675002846657152,0.9008022355169293,0.43863437769586533,0.5290910547202479,0.01224676441046012,0.45577110840714374,0.2240239407995398,0.20081521042575326,0.02866263860260973,0.8842642633929569,0.2827010588128102,0.7548279758259966,0.2973305685602603,0.5370021417913026,0.540052434940336,0.19496165580520003],"size":[3.0467480706056973,6.072881200440484,7.0,6.048854106780226,6.841432486731906,4.488277958679203,6.1908238978942824,6.350823213184356,4.795149473284175,4.5451200337735305,5.48835753255762,6.075645906002003,5.067832609219933,7.0,3.963714093475991,6.539217189132076,3.139398834913339,5.940971523178865,6.85624970176864,4.5938114348866055,6.606964621483682,4.184589284079342,4.885580988774262,5.867079350875494,6.819557191292963,3.813100583608824,3.896969321878342,5.266364962165184,6.13168137403367,4.730900179794721,3.0,5.459810533733549,6.959814435353506,5.3302089802980674,3.0,5.482317861747902]},"vertices":[{"name":"Galaxy Gaming, Inc.","cik":13156,"fy":2013,"cl":2,"nm":0.07564866903089797,"pe":6.830562016064954,"pb":3.319727370014923,"rg":6.157548670053874,"rev":8218598.0,"mdp":73.77965420184962},{"name":"PATRICK INDUSTRIES, INC.","cik":76605,"fy":2013,"cl":2,"nm":0.04040804731977322,"pe":5.065160191347753,"pb":1.4793640019438707,"rg":19.514862068965517,"rev":594931000.0,"mdp":39.81503819863289},{"name":"KeyCorp","cik":91576,"fy":2013,"cl":2,"nm":0.3473282442748092,"pe":11.074976734065935,"pb":0.9781839103173833,"rg":33.93333333333333,"rev":2620000000.0,"mdp":72.83340034847876},{"name":"INDEPENDENCE HOLDING COMPANY","cik":701869,"fy":2013,"cl":2,"nm":0.02653014378030203,"pe":5.9650629260618775,"pb":0.3385641632346321,"rg":0.3433692861531417,"rev":575044000.0,"mdp":42.01849618013671},{"name":"ACCO Brands Corporation","cik":712034,"fy":2013,"cl":2,"nm":0.043680244745340206,"pe":7.158236057068742,"pb":0.7858465043428734,"rg":4.033076703735387,"rev":1765100000.0,"mdp":61.02935263369521},{"name":"SMART POWERR CORP.","cik":721693,"fy":2013,"cl":2,"nm":0.2473294353394725,"pe":1.4677417806900985,"pb":0.14798024052504502,"rg":49.72478437636709,"rev":63193190.0,"mdp":52.48358128937139},{"name":"RADNET, INC.","cik":790526,"fy":2013,"cl":2,"nm":0.0030157072829330883,"pe":41.35339669811321,"pb":39.66932171945702,"rg":7.266922244696364,"rev":702986000.0,"mdp":93.90698297815307},{"name":"AIR METHODS CORP","cik":816159,"fy":2013,"cl":2,"nm":0.0707111266888309,"pe":19.11023596785319,"pb":3.2376243005334833,"rg":138.8035204567079,"rev":881601000.0,"mdp":9.967832730197026},{"name":"FIDELITY SOUTHERN CORP","cik":822662,"fy":2013,"cl":2,"nm":0.2833039485013736,"pe":7.6200330704103045,"pb":0.8915145155145409,"rg":104.80911062906725,"rev":97556000.0,"mdp":82.8789706473663},{"name":"ARC Group Worldwide, Inc.","cik":826326,"fy":2013,"cl":2,"nm":0.044374032649008556,"pe":1.7453632773938796,"pb":0.20625107905276666,"rg":19.671898581346213,"rev":68486000.0,"mdp":91.0146093017022},{"name":"PHARMACYCLICS INC","cik":949699,"fy":2013,"cl":2,"nm":0.2575633530512859,"pe":49.54108092821967,"pb":5.289397987326787,"rg":2.1731796560556167,"rev":260169000.0,"mdp":28.411741053478085},{"name":"COLUMBUS MCKINNON CORPORATION","cik":1005229,"fy":2013,"cl":2,"nm":0.13109132827581818,"pe":6.028405027076735,"pb":1.9667732002150116,"rg":53.9459981600736,"rev":597263000.0,"mdp":74.65755260688915},{"name":"MAGICJACK VOCALTEC LTD","cik":1005699,"fy":2013,"cl":2,"nm":0.4899994424776294,"pe":2.2957805890970118,"pb":4.311164708081833,"rg":-0.09389878885086068,"rev":143492000.0,"mdp":87.9841844256802},{"name":"Energy Transfer, LP","cik":1012569,"fy":2013,"cl":2,"nm":0.009840523101491184,"pe":30.263157894736842,"pb":0.8472495088408645,"rg":1.9511527193988027,"rev":46339000000.0,"mdp":83.41509181074923},{"name":"ANI PHARMACEUTICALS, INC.","cik":1023024,"fy":2013,"cl":2,"nm":0.010005983644704475,"pe":122.25913621262458,"pb":0.8983936331233826,"rg":12.074946451917995,"rev":30082000.0,"mdp":24.67229593888219},{"name":"IGATE CORPORATION","cik":1024732,"fy":2013,"cl":2,"nm":0.11275452353541716,"pe":3.631409811053232,"pb":6.576450835915041,"rg":0.07169461696758635,"rev":1150925000.0,"mdp":83.5759281597641},{"name":"CHINA FRUITS CORPORATION","cik":1029802,"fy":2013,"cl":2,"nm":0.017782685217271773,"pe":295.7941148227725,"pb":19.7601584635721,"rg":1.526191926291573,"rev":9369901.0,"mdp":12.715453692534512},{"name":"OFG Bancorp","cik":1030469,"fy":2013,"cl":2,"nm":0.19943196551277065,"pe":8.395465534404648,"pb":0.9339901210627486,"rg":19.562859285178707,"rev":493632000.0,"mdp":30.55220479828441},{"name":"DITECH HOLDING CORPORATION","cik":1040719,"fy":2013,"cl":2,"nm":0.14061977288198219,"pe":4.734344115802057,"pb":1.0282635370894657,"rg":1.7024418693561663,"rev":1802499000.0,"mdp":99.76276638520307},{"name":"PEAPACK GLADSTONE FINANCIAL CORP","cik":1050743,"fy":2013,"cl":2,"nm":0.12622153166782515,"pe":16.025549616672066,"pb":0.8696544237857222,"rg":2.44416279397268,"rev":73371000.0,"mdp":24.318455971049456},{"name":"BUFFALO WILD WINGS INC","cik":1062449,"fy":2013,"cl":2,"nm":0.05648766616747677,"pe":25.155826368896218,"pb":3.864253082815237,"rg":14.194307168218021,"rev":1266719000.0,"mdp":30.018764240718404},{"name":"Filana Therapeutics, Inc.","cik":1069530,"fy":2013,"cl":2,"nm":0.7671392786789561,"pe":2.628490521176769,"pb":1.7165563537741708,"rg":2.7758494031221304,"rev":41119000.0,"mdp":58.0123307867578},{"name":"FAB UNIVERSAL CORP.","cik":1074909,"fy":2013,"cl":2,"nm":0.18627975204769323,"pe":3.117248271029284,"pb":0.44371933715989725,"rg":3.037820358042779,"rev":110873419.0,