{"year":2012,"n":49,"dots":{"x":[4.075764179229736,9.322694778442383,9.512990951538086,9.575713157653809,2.208550214767456,4.18318510055542,5.044182300567627,9.516247749328613,3.008873701095581,3.804121971130371,4.493385314941406,9.564029693603516,2.7296571731567383,3.2068169116973877,3.880281448364258,3.315401315689087,2.005519151687622,9.574377059936523,6.393770217895508,5.736789703369141,4.301470756530762,9.462882995605469,9.282289505004883,5.906791687011719,9.474287033081055,5.682317733764648,9.741244316101074,4.990399360656738,9.780564308166504,9.50384521484375,3.978391647338867,9.64766788482666,6.372628688812256,2.1142895221710205,8.197722434997559,3.0225048065185547,2.5781538486480713,6.91588830947876,6.953207969665527,5.838318347930908,9.66547966003418,10.168787956237793,2.6994409561157227,9.066550254821777,2.5061793327331543,7.73396110534668,5.918236255645752,8.39277458190918,4.287717342376709],"y":[-4.517117023468018,7.013092994689941,6.904664993286133,6.826526165008545,2.5021889209747314,-3.9184703826904297,-3.760375499725342,6.809150218963623,3.0995845794677734,3.54734468460083,7.127799034118652,6.94243860244751,2.906852960586548,3.1716225147247314,-4.808223247528076,3.3054323196411133,2.143981456756592,6.897648334503174,-3.8931987285614014,-3.614168167114258,6.87503719329834,6.960745334625244,6.964473247528076,-5.729344367980957,6.826449394226074,2.8355188369750977,6.320227146148682,-3.807478666305542,6.87972354888916,6.571376323699951,3.6839706897735596,6.643922328948975,-3.8613555431365967,2.5585875511169434,-3.9977478981018066,3.086634874343872,2.658477783203125,3.0109448432922363,-3.9328205585479736,-3.650876998901367,6.88815450668335,-4.147539138793945,2.9102089405059814,-3.999429941177368,2.717022180557251,-4.000008583068848,-5.73751974105835,-4.00534200668335,-4.0089111328125],"z":[0.7819272184033939,0.9514080206814505,1.2585306026293577,0.7250927868812391,1.3167272751804366,-0.02829275137244304,0.6255279527739057,0.9486938257615309,2.485646141567738,0.934101147131556,0.45071720088813305,1.1851774115285845,1.1703104018954407,1.2579895466468172,0.6026071796905412,0.286277974114846,0.330951883636484,0.7324045820420462,0.6475783571946344,0.41807275894230844,1.5693563730192106,0.6193063725372662,0.9191561737094972,0.7834000157517786,0.9019195575404156,1.0215269137901501,1.1074603739282558,0.38036944217461754,1.4173519068898124,0.7797085096273055,1.0364514908427918,1.3448590205078574,-0.12695512404221884,0.7739262222840095,0.6765996011614575,1.1646780385326516,1.5745908972203593,-0.13244949755252236,0.27787193989766307,0.695660387584216,1.939486381096313,0.7390648384073574,0.6409926764813535,0.5860194973331483,1.59528277124199,0.3624796373493161,1.2653167888567651,0.10936764905331213,0.7796425626241399],"color":[0.9303391241925763,0.6103122525413288,0.42243366075026584,0.27407854007893045,0.12326441880677512,0.29328823602143944,0.15762131342266889,0.46738857104878745,0.009193568088214569,0.37833737785185084,0.08105576904917663,0.3866433923574017,0.7769120369356247,0.5257777809335529,0.22155196325850693,0.4183219553095371,0.13155485641709846,0.1965356347473538,0.6107424672908883,0.17423146610734558,0.36555684934456545,0.4843031102838469,0.8515369702573838,0.4865660052155593,0.46409341438472257,0.38407495461845254,0.2583140235364571,0.5286292743438123,0.025456244179255336,0.552449448239919,0.5945217349645333,0.3073350241682209,0.22972190294698006,0.44926737449328236,0.02426528250128326,0.6004235975018464,0.26159849015688663,0.18659499176853228,0.017722727649667726,0.2766670628120102,0.026055688402056753,0.5279125715162263,0.9234370640841993,0.3501083479722363,0.3739498004620485,0.46988724802697784,0.23697989620427432,0.2309581227561489,0.3779190676487662],"size":[4.172625621788162,6.484236299407092,6.646049614769085,7.0,5.707683772545095,3.8071409271305825,5.68950430539869,4.9227856271415895,3.988735239839988,6.9597441251744785,7.0,5.34228816948279,6.30658552026229,3.3119011564779894,4.404890335721763,4.301110201620462,4.079286927916304,6.216887259673506,5.250109849536607,6.283102029671685,6.314856632066457,5.574576119591216,4.287143028771715,4.21091752932257,4.169073867261385,3.0,4.46844747323466,4.276163792724592,4.685534270122366,3.3416154494581924,4.563431892806829,4.607080162688276,4.145091248290928,4.875422186899007,5.229534540380714,5.665069039371149,3.0,4.22388156179629,5.85998226265562,5.085373123906461,7.0,4.887016429665296,3.439693085897661,5.419825523071624,5.008076732318214,6.1288758642366385,3.762261285468431,4.47433748964933,3.0]},"vertices":[{"name":"GREAT NORTHERN IRON ORE PROPERTIES","cik":43410,"fy":2012,"cl":2,"nm":0.8307828199740587,"pe":5.648423073191614,"pb":12.060756720316846,"rg":-0.09658295092338441,"rev":24156052.0,"mdp":43.715319662243665},{"name":"Huntington Bancshares Incorporated","cik":49196,"fy":2012,"cl":2,"nm":0.3320904975125151,"pe":8.34464798088053,"pb":0.9238183095572856,"rg":71.10276044974039,"rev":1930263000.0,"mdp":39.09395523388286},{"name":"SIGMA ALDRICH CORP","cik":90185,"fy":2012,"cl":2,"nm":0.17537171178040412,"pe":16.925075030434783,"pb":3.057947570306363,"rg":53.645833333333336,"rev":2623000000.0,"mdp":63.27704061117812},{"name":"Jefferies Financial Group Inc.","cik":96223,"fy":2012,"cl":2,"nm":0.09294049428907156,"pe":4.955560548927634,"pb":0.6257115870097061,"rg":4.852989747690302,"rev":9193689000.0,"mdp":67.4721887146495},{"name":"CAVCO INDUSTRIES, INC.","cik":278166,"fy":2012,"cl":2,"nm":0.03438991030681659,"pe":19.35206326704732,"pb":1.751586867288809,"rg":1.57855866656579,"rev":443066000.0,"mdp":33.49819059107359},{"name":"INTERNATIONAL LOTTERY & TOTALIZATOR SYSTEMS INC","cik":354813,"fy":2012,"cl":2,"nm":0.10203574975173783,"pe":0.8743941605839416,"pb":0.20185882793484367,"rg":null,"rev":12084000.0,"mdp":42.21686101058839},{"name":"INDEPENDENCE HOLDING COMPANY","cik":701869,"fy":2012,"cl":2,"nm":0.04593036973702346,"pe":3.940287879558517,"pb":0.27117374441690817,"rg":0.024079177791175035,"rev":428061000.0,"mdp":34.41763838627529},{"name":"STEEL EXCEL INC.","cik":709804,"fy":2012,"cl":2,"nm":0.20671501638296172,"pe":8.292659353404533,"pb":0.39731327318065945,"rg":37.6054762822985,"rev":100104000.0,"mdp":5.625251306795335},{"name":"AMERICAN SHARED HOSPITAL SERVICES","cik":744825,"fy":2012,"cl":2,"nm":0.002229000469263257,"pe":285.5263157894737,"pb":0.5444327362135581,"rg":2.420545746388443,"rev":17048000.0,"mdp":70.34445784747354},{"name":"ALLEGHANY CORP /DE","cik":775368,"fy":2012,"cl":2,"nm":0.14774093812773342,"pe":8.018647958544324,"pb":0.8793308423593726,"rg":3.8411416558960396,"rev":4753212000.0,"mdp":43.243533038466694},{"name":"PILGRIM\u2019S PRIDE CORPORATION","cik":802481,"fy":2012,"cl":2,"nm":0.021453737799798114,"pe":2.6346152473110873,"pb":0.5064587823308557,"rg":0.07772126749240747,"rev":8121382000.0,"mdp":90.03216726980298},{"name":"UNITED COMMUNITY BANKS, INC.","cik":857855,"fy":2012,"cl":2,"nm":0.15272464814146516,"pe":14.294777882797732,"pb":0.8324042620892493,"rg":6.181081956592161,"rev":221680000.0,"mdp":11.509181074922932},{"name":"REGENERON PHARMACEUTICALS, INC.","cik":872589,"fy":2012,"cl":2,"nm":0.5442738616603686,"pe":13.813712148576045,"pb":8.321924545421696,"rg":2.0919757572494975,"rev":1378477000.0,"mdp":69.13550462404503},{"name":"E DIGITAL CORP","cik":886328,"fy":2012,"cl":2,"nm":0.2528102021703982,"pe":16.90400243667327,"pb":6.258963673131613,"rg":2.648441763020168,"rev":4727151.0,"mdp":64.50743868114193},{"name":"Natural Health Trends Corp.","cik":912061,"fy":2012,"cl":2,"nm":0.07010715999360238,"pe":3.7377235741444865,"pb":5.149404400209534,"rg":0.2038380078300494,"rev":37514000.0,"mdp":98.78970647366305},{"name":"HMN Financial, Inc.","cik":921183,"fy":2012,"cl":2,"nm":0.17267004153686397,"pe":1.8041721480924637,"pb":0.15780648979189268,"rg":3.4862425389430776,"rev":30816000.0,"mdp":96.69347272483581},{"name":"Amerinac Holding Corp.","cik":936446,"fy":2012,"cl":2,"nm":0.037088260319267555,"pe":1.9996403131673357,"pb":0.33617865193578045,