{"year":2026,"n":35,"dots":{"x":[-7.403215408325195,-3.1545655727386475,-3.1499297618865967,-5.9976911544799805,-5.369415760040283,-5.366300106048584,-5.356912612915039,-2.9469692707061768,-1.176737666130066,-5.085207939147949,-4.718595027923584,-5.062686920166016,-4.817147254943848,-1.2706223726272583,-1.6724597215652466,-3.8863351345062256,-0.38021308183670044,-3.867156982421875,-5.087988376617432,-3.2735555171966553,-2.8738696575164795,-6.573520183563232,-3.5650086402893066,-4.582380771636963,-0.8544508814811707,-4.010954856872559,-4.118074417114258,-3.662473440170288,-5.971890926361084,-3.9359776973724365,-4.293882846832275,-4.788237571716309,-4.268868923187256,-1.8884716033935547,-1.2113264799118042],"y":[0.6554722785949707,-1.9234663248062134,2.9749255180358887,-1.6073307991027832,-2.458963394165039,0.6681051254272461,0.6838327646255493,2.5954978466033936,-2.5382821559906006,0.40103769302368164,1.4473180770874023,-1.3618472814559937,-1.295129656791687,0.007393941283226013,-3.188007116317749,-0.478153258562088,1.5938700437545776,-1.1719069480895996,-2.632404327392578,2.6348156929016113,4.894870758056641,-0.9779157042503357,-0.32033786177635193,0.2075365036725998,0.42185765504837036,3.789006471633911,-2.4319517612457275,3.409515619277954,-1.397140622138977,0.5090107917785645,-1.446999192237854,-2.227562665939331,-1.8386938571929932,6.964470386505127,1.153314471244812],"z":[1.313701986344689,1.2205102982545057,1.460763638125405,0.9806511066095563,1.3423398827651876,1.2826521481605242,1.4362393805936948,1.5833484602641967,1.624726354385827,1.0765692561837528,1.7887934034022255,1.0459512086919942,1.0464968096904936,1.0413153542463196,2.022531957204668,1.3912180066959314,1.5526363318620586,1.6658162037225448,1.1248836936709998,1.6653009244666415,1.5939101042447166,1.1518313575942078,1.6280746807687,1.883871964321762,1.8016203433898332,0.9371465715116696,1.7114623890461227,1.1750869776921444,1.0478777613718144,1.305817009096845,1.8737759857759617,1.8044810650454781,1.2604842092385173,0.2214474924341364,1.4104652796784445],"color":[0.02211800341168079,0.10505822799206206,0.1710393271731854,0.13898472221003966,0.37514784798962064,0.11164899166562789,0.2698683650723877,0.07353475943061227,0.05046051034023831,0.09519125149890294,0.391982728833154,0.1497671135916847,0.2343491858512419,0.24689079886281484,0.07014145750268305,0.18993592539854268,0.784450118619593,0.28252015577949013,0.2859829779056661,0.02080629323217406,0.03805630615825438,0.05609816510831891,0.08838554722698419,0.22749880942645154,0.11192105641537119,0.6290923849820967,0.0987596980012449,0.1671349922543935,0.662994650669908,0.25610681109922,0.2462991215900496,0.023635292321973533,0.42232196669437555,0.273092480594891,0.6042321207450022],"size":[4.659350744603307,3.1732985719096867,5.195352289713794,3.819562711573398,4.042088827782289,7.0,6.750889028067494,3.9481010510819186,3.02946518219685,6.509661490287086,5.3659608510829475,5.3294787200737375,5.264342950813893,3.065252358452856,3.0,3.9648436595706307,7.0,3.688634761437033,3.665361239281908,5.4812608868450825,6.1990244009442,4.031274629520313,3.234765638195589,5.549589603681543,3.0,3.6178167343049927,3.9788261448643913,5.371004618714611,5.11050833722104,3.553984019174372,4.777178684675474,3.8441385150172387,4.389737270663403,4.658575469505546,5.449724180803232]},"vertices":[{"name":"Genesco Inc.","cik":18498,"fy":2026,"cl":0,"nm":0.005446829681588903,"pe":19.217725525661315,"pb":0.44970055233809014,"rg":0.04775528566550053,"rev":2436096000.0,"mdp":20.006701514542286},{"name":"THE EASTERN COMPANY","cik":31107,"fy":2026,"cl":1,"nm":0.028649134899981762,"pe":15.506375560177407,"pb":0.8873468736241211,"rg":-0.08719138586450598,"rev":248970345.0,"mdp":71.7142474199169},{"name":"Dycom Industries, Inc.","cik":67215,"fy":2026,"cl":0,"nm":0.05070203061281896,"pe":26.962716052192654,"pb":4.078033647888051,"rg":0.17947585864270077,"rev":5545912000.0,"mdp":24.24741991690122},{"name":"MOVADO GROUP, INC.","cik":72573,"fy":2026,"cl":1,"nm":0.03955251672103797,"pe":8.925881289545044,"pb":0.4657634393387338,"rg":0.027445062429405337,"rev":671310000.0,"mdp":23.37488272349551},{"name":"Argan, Inc.","cik":100591,"fy":2026,"cl":1,"nm":0.14585340342957806,"pe":20.527680650921074,"pb":6.118133599560422,"rg":0.08056359166715284,"rev":944606000.0,"mdp":37.43197962739579},{"name":"Walmart Inc.","cik":104169,"fy":2026,"cl":0,"nm":0.03069845182658102,"pe":17.89172227342073,"pb":3.932094679944186,"rg":0.04725214211766779,"rev":713163000000.0,"mdp":81.21431443506233},{"name":"The TJX Companies, Inc.","cik":109198,"fy":2026,"cl":0,"nm":0.09100245146756775,"pe":25.482344375682562,"pb":13.738959764474975,"rg":0.07118523775727466,"rev":60372000000.0,"mdp":85.86784613322611},{"name":"SUNOPTA INC.","cik":351834,"fy":2026,"cl":0,"nm":0.019283002023932544,"pe":35.755961440892946,"pb":3.300994748151314,"rg":0.12986508743616387,"rev":817715000.0,"mdp":58.04315775365233},{"name":"VIRCO MFG. CORPORATION","cik":751365,"fy":2026,"cl":1,"nm":0.01286238054214333,"pe":39.33021806853583,"pb":0.9534508312014425,"rg":-0.2501051682692308,"rev":199652000.0,"mdp":60.15949604610642},{"name":"BEST BUY CO., INC.","cik":764478,"fy":2026,"cl":0,"nm":0.02564102564102564,"pe":11.131898971000936,"pb":4.014844804318488,"rg":0.003925062608360624,"rev":41691000000.0,"mdp":55.98177188044499},{"name":"AUTODESK, INC.","cik":769397,"fy":2026,"cl":0,"nm":0.1559811268387455,"pe":57.38434163701068,"pb":21.182266009852217,"rg":0.17533844397325068,"rev":7206000000.0,"mdp":54.58383594692401},{"name":"SIGNET JEWELERS LIMITED","cik":832988,"fy":2026,"cl":1,"nm":0.04320770224257368,"pe":10.37411860054348,"pb":1.55332138948225,"rg":0.01637877024970912,"rev":6813600000.0,"mdp":39.258812491623104},{"name":"URBAN OUTFITTERS, INC.","cik":912615,"fy":2026,"cl":1,"nm":0.07540805297195174,"pe":10.387159720295363,"pb":1.7153447978838392,"rg":0.11074526912626341,"rev":6165376000.0,"mdp":17.149175713711298},{"name":"Perma-Pipe International Holdings, Inc.","cik":914122,"fy":2026,"cl":0,"nm":0.08076330449211805,"pe":10.263969533313766,"pb":1.9290664070257508,"rg":0.33173174057985655,"rev":210925000.0,"mdp":65.9308403699236},{"name":"MIND TECHNOLOGY, INC","cik":926423,"fy":2026,"cl":1,"nm":0.01831636017290644,"pe":98.29512,"pb":1.7799777868990994,"rg":-0.12624031752128545,"rev":40947000.0,"mdp":18.69320466425412},{"name":"HELIOS TECHNOLOGIES, INC.","cik":1024795,"fy":2026,"cl":1,"nm":0.05768772348033373,"pe":22.97301555785124,"pb":1.193659638217928,"rg":0.04107209331182529,"rev":839000000.0,"mdp":26.38520305589063},{"name":"NVIDIA CORP","cik":1045810,"fy":2026,"cl":0,"nm":0.5560253406070261,"pe":33.314732607627406,"pb":25.430248008493702,"rg":0.654735357900948,"rev":215938000000.0,"mdp":96.76986999061789},{"name":"BlackBerry Limited","cik":1070235,"fy":2026,"cl":1,"nm":0.09688581314878893,"pe":43.233082706766915,"pb":3.0831099195710454,"rg":0.026547018134230698,"rev":549100000.0,"mdp":21.576196220345796},{"name":"BUILD-A-BEAR WORKSHOP, INC.","cik":1113809,"fy":2026,"cl":1,"nm":0.09852745776019568,"pe":12.441813688868455,"pb":4.189565755863457,"rg":0.0899336369658146,"rev":529832000.0,"mdp":50.08443908323281},{"name":"ADVANCE AUTO PARTS, INC.","cik":1158449,"fy":2026,"cl":0,"nm":0.005115684222764795,"pe":43.18181818181818,"pb":0.8644222020018199,"rg":-0.05424557529105782,"rev":8601000000.0,"mdp":74.72858866103739},{"name":"CARMAX, INC.","cik":1170010,"fy":2026,"cl":0,"nm":0.0095548374605422,"pe":36.63617326216183,"pb":1.5384582822198403,"rg":-0.01792135517894831,"rev":25881131000.0,"mdp":43.93244873341375},{"name":"ZUMIEZ INC","cik":1318008,"fy":2026,"cl":1,"nm":0.014398470707394702,"pe":13.238273753457428,"pb":0.5460887429267466,"rg":0.06119001331831691,"rev":929057000.0,"mdp":8.501541348344725},{"name":"OOMA, INC.","cik":1327688,"fy":2026,"cl":0,"nm":0.023607283572488504,"pe":39.63461836197554,"pb":2.7551767187567267,"rg":0.06521265164374815,"rev":273602000.0,"mdp":61.533306527275165},{"name":"WORKDAY, INC.","cik":1327811,