{"year":2014,"n":62,"dots":{"x":[9.510457038879395,4.081719875335693,3.3048906326293945,3.38010835647583,9.573216438293457,9.58140754699707,2.823946714401245,9.595856666564941,9.690003395080566,9.998030662536621,9.370373725891113,3.969212532043457,4.235554218292236,5.090031623840332,3.9781322479248047,9.50058364868164,9.524940490722656,3.950611114501953,9.624853134155273,3.9212703704833984,9.345304489135742,2.5361812114715576,9.62579345703125,5.190671920776367,2.5888864994049072,3.1473066806793213,8.252775192260742,9.374110221862793,9.799400329589844,9.509367942810059,9.646724700927734,3.032416343688965,9.392538070678711,5.258656978607178,3.9168789386749268,9.601186752319336,3.7208595275878906,5.72039794921875,9.5582914352417,9.352542877197266,3.355056047439575,9.771221160888672,9.43819808959961,5.7083563804626465,4.10508394241333,2.84330677986145,9.55427360534668,6.549312591552734,5.008784294128418,3.027292490005493,3.042037010192871,9.463994026184082,9.330561637878418,9.711604118347168,9.529041290283203,9.345085144042969,5.404898643493652,3.6095306873321533,3.891756296157837,4.67461633682251,4.9347405433654785,5.779799461364746],"y":[6.764924049377441,-4.557084560394287,-3.320584297180176,3.2875797748565674,6.701677322387695,6.8652191162109375,3.0215811729431152,6.85149621963501,6.935712814331055,6.767030715942383,6.958879470825195,3.684727191925049,-4.5383477210998535,2.9394607543945312,-4.6271586418151855,6.771713733673096,6.77522087097168,3.6496598720550537,6.97237491607666,-3.8448338508605957,6.997809886932373,2.733070135116577,6.812361240386963,2.9514753818511963,2.847935199737549,3.0850822925567627,-3.9998884201049805,6.926370620727539,6.163259983062744,6.788701057434082,6.834644794464111,3.0866386890411377,6.9271240234375,2.99257230758667,3.624242067337036,6.801403045654297,3.491008996963501,-3.7417521476745605,6.944312572479248,6.991166114807129,3.2424042224884033,6.900827884674072,6.832669258117676,-3.8078324794769287,-3.7393500804901123,3.014822483062744,6.667776584625244,-3.835331439971924,-3.809440851211548,-1.6226762533187866,3.0861659049987793,6.94862699508667,6.9888691902160645,6.420211315155029,6.978302955627441,6.93356466293335,-3.826902151107788,-3.8129706382751465,3.6078639030456543,-3.789691209793091,-3.812643527984619,-3.812474489212036],"z":[1.2392948881070474,0.38558215922350014,1.7178336955552977,1.2590125003110684,0.940463017736351,0.7531151353053763,0.6824706853084079,1.5618183601306646,1.1753522237839802,1.7192688420816193,1.1273576821492526,0.3354914894304638,1.3387554360006397,1.080536867434935,1.037240199746132,1.6033415031249862,1.876080523720578,2.359729876740889,0.26209525791668753,1.2301374374591436,1.2030001229792107,1.6998536732818752,1.5098719614188034,0.6143904529458125,0.8178739972449893,1.0463510227953274,0.7288521217002946,1.3094850647544405,-0.14252773178361236,1.257557103726508,0.9598601552101944,1.190672961038112,1.1923426254113796,2.0504171899292336,1.5700985465686634,1.286539225670502,1.1779299365630933,1.017679587228051,0.25585654309219197,1.7236554048010386,1.5541000067057653,1.4572475058903367,1.108933452013635,1.1559677771452896,1.0479157829715924,0.8254465804343744,1.8611434457740548,0.7358242085795046,-0.20426412437878927,2.0184809868676403,0.6905263510365397,1.1757523664408074,0.676186275067017,0.5282557404567969,1.5302857929070912,1.4616458651639717,0.2582116778863059,1.453608068650107,0.7619706865815584,0.9335640618490746,1.6241603226877666,0.9084678264179095],"color":[0.29860485119934344,0.8828979356304149,0.10882561191403613,0.31749866981206526,0.254909972497039,0.17906741639832466,0.48844901363531656,0.18417140972282642,0.30281439228583495,0.03242311742805539,0.5555314733880912,0.7988650534978256,0.057771815080740425,0.5052739276611796,0.7734480414402594,0.2877612387233314,0.2876970263926729,0.09168821033399706,0.278869212857164,0.6838823616768254,0.5727323029709723,0.32504560146854944,0.033043731384432645,0.836566628831715,0.6155362006104266,0.3626822045875514,0.025920672772744912,0.5387777514523363,0.16074009342773107,0.4173089018649625,0.04122497884035987,0.7383325639736015,0.5224351909045154,0.7827281899208629,0.06560363653801593,0.1313566917967014,0.1998260883977947,0.40031463045354004,0.16122219929617596,0.4301632945732031,0.42035730570028035,0.1602334809815937,0.4029732964643559,0.03726223254361153,0.4940092036048139,0.3787470001582016,0.36608642657354423,0.3694775888061317,0.4695446648252651,0.2707235149395143,0.9026264832399471,0.5056208390223438,0.7080031513827134,0.1674834729262399,0.6137569474260945,0.6778594044121438,0.6530990433216544,0.11572916336892913,0.33645403413348496,0.6165147891757013,0.6920071796555878,0.41737077807583556],"size":[5.240114560083914,4.561201912152847,3.946445542726191,7.0,4.219938457769472,4.590844339338723,3.371306770506631,7.0,7.0,4.909870991173632,4.903048095200986,6.309361446159688,6.319909105021416,3.9959516194120894,3.097945794402937,4.992596227636302,4.70911307914716,3.577023552756142,5.828646196118614,5.801677860317134,6.178724065960889,6.3279231701355165,5.291071230590646,4.758268902468891,6.02956968810077,4.859368066050912,6.220273216021589,4.3469682268669105,5.145728697858685,5.770987792796985,6.159298325857176,5.672846747258424,4.936796204041939,3.0,4.744757418155797,6.535161684010877,7.0,5.681474486551557,5.371997245088428,5.658910747289476,4.946737860977416,6.559020548067503,5.47507173502672,4.464305560561784,5.68723931962357,4.796364206463426,3.0,5.991974392899682,4.41336340251389,3.0,4.833723334378034,4.391888984843224,6.068199141042024,6.732264774153486,4.783415795322795,4.416862290116804,6.1647418015956355,5.572340071567243,6.57046572045043,4.994986762313413,3.0,4.827155356913577]},"vertices":[{"name":"LIBERATOR MEDICAL HOLDINGS, INC.","cik":17485,"fy":2014,"cl":2,"nm":0.10462792849575561,"pe":16.191790951038197,"pb":3.8948158779096653,"rg":1077.9744034958255,"rev":74569000.0,"mdp":25.295536791314838},{"name":"GREAT NORTHERN IRON ORE PROPERTIES","cik":43410,"fy":2014,"cl":2,"nm":0.7306985490629978,"pe":2.267682033489,"pb":4.210620441147383,"rg":-0.05229869958344478,"rev":17960256.0,"mdp":87.41187508376893},{"name":"GYRODYNE CO OF AMERICA INC","cik":44689,"fy":2014,"cl":2,"nm":0.02981658977086452,"pe":48.73418364926501,"pb":0.9397302400672864,"rg":-0.016159344123194398,"rev":4948688.0,"mdp":98.27637045972389},{"name":"HERSHEY CO","cik":47111,"fy":2014,"cl":2,"nm":0.11411189355420434,"pe":16.94386569324794,"pb":9.862097410282173,"rg":3.1232044444444442,"rev":7421768000.0,"mdp":93.8212035920118},{"name":"Soluna Holdings, Inc","cik":64463,"fy":2014,"cl":2,"nm":0.0842728618608359,"pe":8.136975675675675,"pb":1.4275395922238028,"rg":1050.3649425287356,"rev":8781000.0,"mdp":39.447795201715586},{"name":"MICROPAC INDUSTRIES, INC.","cik":65759,"fy":2014,"cl":2,"nm":0.05363122645458351,"pe":5.285853658536586,"pb":0.25557809330628806,"rg":970.2862733140214,"rev":19112000.0,"mdp":36.92668543090738},{"name":"SECURITY LAND & DEVELOPMENT CORP","cik":88572,"fy":2014,"cl":2,"nm":0.22260212952064187,"pe":4.4923200067916245,"pb":0.2800052915052443,"rg":2.198721934369603,"rev":1481648.0,"mdp":78.80042889693071},{"name":"TIMKEN CO","cik":98362,"fy":2014,"cl":2,"nm":0.055523047916260324,"pe":34.02658467213115,"pb":3.68718478746352,"rg":37.40449438202247,"rev":3076200000.0,"mdp":49.77750971719609},{"name":"L3HARRIS TECHNOLOGIES, INC.","cik":202058,"fy":2014,"cl":2,"nm":0.10670391061452514,"pe":13.975013103964098,"pb":4.093010409638554,"rg":10.92481560789912,"rev":5012000000.0,"mdp":30.12464817048653},{"name":"OMNIQ CORP.","cik":278165,"fy":2014,"cl":2,"nm":0.008084942865008238,"pe":48.89549443227062,"pb":12.357879099665524,"rg":9168.32243794544,"rev":37309973.0,"mdp":41.22235625251307},{"name":"FIRST FARMERS & MERCHANTS CORP","cik":703329,"fy":2014,"cl":2,"nm":0.2789015769439913,"pe":12.512891596802495,"pb":1.1211316545694345,"rg":983.4490243837156,"rev":36780000.0,"mdp":11.616405307599518},{"name":"The St. Joe Company","cik":745308,"fy":2014,"cl":2,