{"year":2020,"n":41,"dots":{"x":[3.414767265319824,5.987048625946045,6.028034210205078,2.7056949138641357,9.444923400878906,5.208817481994629,5.653293132781982,9.596940040588379,3.737220287322998,9.675270080566406,9.330007553100586,9.400827407836914,5.261242389678955,2.5251731872558594,9.368854522705078,9.699118614196777,5.800571441650391,7.93318510055542,3.9443819522857666,9.6185302734375,6.938325881958008,9.318770408630371,9.522579193115234,4.564173698425293,2.1622586250305176,7.172367572784424,9.756433486938477,4.112242221832275,9.31820297241211,9.316229820251465,6.505041599273682,9.338226318359375,5.910619258880615,9.40877914428711,2.034212112426758,3.7393360137939453,9.5337553024292,9.298637390136719,9.490851402282715,9.323225975036621,5.447176456451416],"y":[3.292618751525879,-3.7659449577331543,-3.805387020111084,2.9107394218444824,6.994078636169434,3.0170576572418213,-3.657550811767578,6.805585861206055,3.51613450050354,6.867811679840088,7.01469087600708,6.985095500946045,-3.8179643154144287,2.8043875694274902,6.944097518920898,6.931049823760986,-3.810347557067871,2.1592395305633545,-3.752525806427002,6.730478286743164,2.98422908782959,6.973759174346924,6.9258317947387695,-3.7695415019989014,2.4275388717651367,2.5832602977752686,6.930305480957031,-4.569188117980957,7.00753927230835,6.9780964851379395,-3.8729281425476074,6.988559722900391,-3.791811227798462,6.9872026443481445,2.5920073986053467,-3.7959089279174805,6.776247024536133,6.976696968078613,7.02042818069458,6.963481903076172,-3.81549334526062],"z":[1.40536843008002,-0.016078330407633713,0.21787257433054608,1.03374736665278,0.9863140122937656,1.136458809091279,0.5575092571171452,1.306141275157061,0.76558564765707,1.9293431733538875,0.9825675042556268,0.6833851222389822,0.39301163159447716,0.03988490219700941,0.19739591413927063,0.1774014962033828,0.960353919148994,0.6726096749176089,0.5920546743779324,1.9662484242300848,1.102734653158297,0.8032872391149116,1.3794491563449143,0.6387525250833717,2.251155389344928,0.053148002733751705,1.0146473222960337,0.9443978659932333,1.1600040415100712,0.5739259090474458,0.2524425325897921,0.8234217088374306,0.8530884193558189,-0.019327466266485967,1.5546590485418386,0.9921976307863765,1.5396394764109267,1.0875722695647303,1.107635937359108,0.5703708437636957,0.5425417069361379],"color":[0.4225562646470893,0.3201437554621721,0.11683256842550928,0.7385373974911559,0.5924851897576344,0.856687415825805,0.396898839633273,0.36360702228989006,0.7116040672422695,0.02519512181547684,0.632750921252694,0.6284137414844043,0.8664288005860853,0.926116386160317,0.9712093581095855,0.2091468754836025,0.605518071650771,0.35706134106183135,0.539881469372756,0.20185219886617095,0.38864412665215214,0.8288502823052882,0.33068796959831953,0.49430229452145447,0.23771378483540545,0.54091299367733,0.47877780548436843,0.49131193333901896,0.6673748376802586,0.7767046242692857,0.8337790513945071,0.665152241876546,0.9966513389122439,0.7528760177539957,0.788416592809508,0.14631247879126633,0.38407182521085365,0.7931023106092732,0.4744187984468349,0.7260676581685555,0.6891088315730712],"size":[4.4038789287752795,6.195799960968949,5.765718519834728,6.946510189259978,5.407977992954626,3.0,5.30812992187664,6.450450959990775,5.378369668412235,6.76735865938368,6.921710575571628,4.862165182823349,4.723154937512624,3.0,5.9144235487829455,5.07865079966795,5.10499254664451,3.242334500259835,5.196744962289831,5.425575215301254,7.0,5.349127190529147,7.0,6.687474810347006,3.0,3.8523094433195637,5.433495459686234,6.797566786133114,6.498763126834297,6.704291417200113,5.87331926428912,5.305182064060245,4.23635162191429,6.1154973026603665,5.337945781857094,7.0,4.952755288397325,5.065369850615321,5.977186402059282,5.384174575761154,4.9600140772560355]},"vertices":[{"name":"TOMI ENVIRONMENTAL SOLUTIONS, INC.","cik":314227,"fy":2020,"cl":2,"nm":0.17545268057068272,"pe":23.73386294209784,"pb":7.89386463578996,"rg":2.943123696267307,"rev":25027637.0,"mdp":26.308805790108565},{"name":"SECURITY NATIONAL FINANCIAL CORPORATION","cik":318673,"fy":2020,"cl":2,"nm":0.11547424374727344,"pe":0.8993353605911208,"pb":0.1894032280439147,"rg":0.7009176151579803,"rev":481463322.0,"mdp":96.67738908993432},{"name":"AIR T, INC.","cik":353184,"fy":2020,"cl":2,"nm":0.03233312921004287,"pe":1.541248171368861,"pb":0.49153528284595516,"rg":0.09876010431457713,"rev":236785000.0,"mdp":99.3285082428629},{"name":"QUIDEL CORP","cik":353569,"fy":2020,"cl":2,"nm":0.4876347140343318,"pe":10.086659645286176,"pb":6.132716129550245,"rg":2.1065602273364616,"rev":1661668000.0,"mdp":73.72604208551132},{"name":"FIRST OF LONG ISLAND CORP","cik":740663,"fy":2020,"cl":2,"nm":0.3140089623216681,"pe":9.043030847268403,"pb":0.9152137709460156,"rg":62.145332050048125,"rev":131216000.0,"mdp":8.021712907117008},{"name":"DSS, INC.","cik":771999,"fy":2020,"cl":2,"nm":0.6800959232613909,"pe":12.777880112834978,"pb":0.2367108759553204,"rg":-0.029329608938547486,"rev":2085000.0,"mdp":89.30170218469374},{"name":"BLUE RIDGE BANKSHARES, INC.","cik":842717,"fy":2020,"cl":2,"nm":0.15901657021674276,"pe":3.3690639692585895,"pb":0.5521551840703867,"rg":1.2398808445544753,"rev":111284000.0,"mdp":51.21699504087924},{"name":"ESCO TECHNOLOGIES\u00a0INC.","cik":866706,"fy":2020,"cl":2,"nm":0.13914301112680189,"pe":18.8860560894293,"pb":2.0029222281729835,"rg":18.808513513513514,"rev":732915000.0,"mdp":36.79801635169548},{"name":"SIGA TECHNOLOGIES, INC.","cik":1010086,"fy":2020,"cl":2,"nm":0.45088287303520835,"pe":5.439834006631997,"pb":2.361379633638783,"rg":3.6727584629246373,"rev":124959304.0,"mdp":63.73408390296207},{"name":"Knoll, Inc.","cik":1011570,"fy":2020,"cl":2,"nm":0.006227758007117438,"pe":79.31278012987013,"pb":1.3637972465386332,"rg":102.03333333333333,"rev":1236400000.0,"mdp":3.236831523924407},{"name":"EAST WEST BANCORP, INC.","cik":1069157,"fy":2020,"cl":2,"nm":0.3559762062691766,"pe":8.965355274860558,"pb":0.9660908641295839,"rg":27.835092920673947,"rev":1595042000.0,"mdp":24.8760219809677},{"name":"GREENE COUNTY BANCORP, INC.","cik":1070524,"fy":2020,"cl":2,"nm":0.3512585812356979,"pe":4.50178886100283,"pb":0.6545165172159466,"rg":11.949720670391061,"rev":53314000.0,"mdp":32.49430371263905},{"name":"CF BANKSHARES INC.","cik":1070680,"fy":2020,"cl":2,"nm":0.6985325343273723,"pe":2.3068089705485004,"pb":0.6197259776789765,"rg":0.20744074749316319,"rev":42386000.0,"mdp":86.35035518027074},{"name":"PATRIOT GOLD CORP.","cik":1080448,"fy":2020,"cl":2,"nm":0.8214055633573979,"pe":1.0230218325619433,"pb":0.5996785853592104,"rg":1.8539985360421565,"rev":2468078.0,"mdp":93.33601393915025},{"name":"VirnetX Holding Corporation","cik":1082324,"fy":2020,"cl":2,"nm":0.9266214197914326,"pe":1.47026599959348,"pb":1.837064405601572,"rg":3559.423529411765,"rev":302636000.0,"mdp":99.94102667202787},{"name":"GREYSTONE LOGISTICS, INC.","cik":1088413,"fy":2020,"cl":2,"nm":0.06512165248589692,"pe":1.4041111762655236,"pb":0.997350180268755,"rg":21.384586236250616,"rev":76204608.0,"mdp":97.65178930438279},{"name":"Silvergate Capital Corp","cik":1312109,"fy":2020,"cl":2,"nm":0.3271516522176153,"pe":8.518319379368615,"pb":0.7536552961443974,"rg":-0.017831801073610168,"rev":79590000.0,"mdp":94.23669749363356},{"name":"UMATRIN HOLDING LIMITED","cik":1317839,"fy":2020,"cl":2,"nm":0.13541876047811155,"pe":4.3914675192862385,"pb":20.00064862099522,"rg":2.056307194453046,"rev":3681484.0,"mdp":96.90792119018899},{"name":"First Western Financial, Inc.","cik":1327607,"fy":2020,"cl":2,"nm":0.2649460043196544,"pe":3.647998695687617,"pb":0.5775609504265562,"rg":0.44741778166812557,"rev":92600000.0,"mdp":86.93472724835813},{"name":"TVARDI THERAPEUTICS, INC.","cik":1346830,"fy":2020,"cl":2,"nm":0.06225848003434951,"pe":86.34723281807372,"pb":2.91637474548295,"rg":5.792819068691542,"rev":135082000.0,"mdp":35.241924674976545},{"name":"THE WESTERN UNION COMPANY","cik":1365135,"fy":2020,"cl":2,"nm":0.15394002068252327,"pe":11.823189574096466,"pb":47.159699892818864,