{"year":2017,"n":44,"dots":{"x":[3.966085433959961,2.973245143890381,9.61533260345459,2.2456696033477783,9.58351993560791,2.4234249591827393,9.615364074707031,7.1746602058410645,5.908051013946533,9.421921730041504,9.543963432312012,9.720305442810059,2.9832818508148193,3.0611112117767334,4.087644577026367,6.935218811035156,9.550104141235352,5.466175556182861,14.263504981994629,9.581548690795898,2.037087917327881,3.2070202827453613,5.398667335510254,3.9695727825164795,2.830862045288086,9.528679847717285,5.782496929168701,7.736969470977783,9.553142547607422,9.457850456237793,4.084892272949219,2.384275436401367,9.37491512298584,3.0208072662353516,3.6548526287078857,2.7034738063812256,9.330744743347168,6.4585089683532715,9.463459968566895,9.461654663085938,4.03601598739624,3.9567179679870605,5.462830066680908,9.649670600891113],"y":[3.6691861152648926,3.0979843139648438,6.887275218963623,2.517073154449463,6.977729797363281,2.7362327575683594,6.87998628616333,3.1762795448303223,-5.728389739990234,6.974419593811035,6.279855728149414,6.351134300231934,3.0660390853881836,3.065460205078125,-4.605469703674316,2.974270820617676,6.942751884460449,2.8779289722442627,-2.7188470363616943,6.817831516265869,2.5274388790130615,3.198948383331299,2.8503856658935547,-3.881950855255127,2.999110221862793,6.897355079650879,-3.787537097930908,3.1953070163726807,6.853703022003174,6.8191962242126465,-4.579822063446045,2.728574514389038,6.991336822509766,3.068162202835083,-3.842266321182251,2.929727792739868,7.000753402709961,-3.8638076782226562,7.020495414733887,6.759562015533447,-4.692563533782959,-4.621812343597412,2.8646764755249023,6.5603837966918945],"z":[1.4394530986612506,0.12683550658552967,0.7772035846538563,1.214856449846922,1.1228699986122839,0.22942037843086985,1.2589533408607119,1.292423604110938,0.8903557914930911,1.2814634659675097,0.47424644719336806,1.2541255279994012,0.8222576890170433,1.6886350055592072,0.8699572378271455,1.6671676025012858,0.35125818851176693,1.6788310050601898,1.0534810958495229,1.1284141648419195,0.9204183908306062,1.4030811528765066,0.6246192675800903,0.5991109352338497,1.0473863720776746,0.4729935235616428,1.0818649883975693,-0.19253947497435275,1.155937602242942,1.0732699479807755,1.7867709640228933,0.5203083015503082,0.33476023569459945,1.4830030196048012,0.6478879153520397,0.69296599993377,1.1644889594308865,0.5430189905797352,1.246855962737066,1.890723758092238,0.9557485007711304,1.636438444807368,0.7404633614389561,2.0298022599633954],"color":[0.24899997940731428,0.19374531076415072,0.18681965662188132,0.12111606274156052,0.5235970838274103,0.557985028358274,0.17359397581596955,0.17611981899593165,0.29295273007723294,0.4901805576301993,0.553451526050448,0.19636085152053023,0.6078869847416998,0.17763607162139108,0.5143613906601341,0.3442072411449987,0.40170121214900967,0.8279669928311588,0.22920058933623202,0.19108629837056734,0.19531962298268532,0.25714379696769846,0.9651840337080589,0.3097233093438658,0.2252571820726368,0.6812305288502837,0.17957156754746956,0.232861428612399,0.0998818564763304,0.48045958017391277,0.10626902519873313,0.7123326401454346,0.8483543194238375,0.42969322476377014,0.17537676622797302,0.7252648466864067,0.5206336239722654,0.30028415901142824,0.5168295187456735,0.48959048890682316,0.6532756400564317,0.8055641513267432,0.7299897413168243,0.0057998777784024885],"size":[6.768973297418471,4.199784154282822,7.0,4.808359679434403,7.0,4.174037037691221,6.2793084282643585,3.6105323604489663,6.0638012470484774,4.90196176114586,4.551821294633564,5.0211113787259505,5.979939292646887,5.970542245686312,3.0,5.651317381223023,4.330880761799685,3.0,5.789881772930391,5.841869977657797,4.181706633807396,4.623851075118158,3.2289866924041313,4.590208580730338,7.0,5.976330633825234,6.010805768017571,4.1584149417772,6.803563109569433,4.750591591121275,5.394652514000541,4.532859516300864,4.997225121896899,6.212138434611591,5.7093494787384085,4.6325253003337785,5.334510759550847,5.836550511541653,3.7462526493939103,3.0379782154139194,3.2812602260346577,3.0,3.984580621302205,3.613905067520017]},"vertices":[{"name":"CONAGRA BRANDS, INC.","cik":23217,"fy":2017,"cl":2,"nm":0.08167984770471068,"pe":25.67160954325043,"pb":4.112423569459757,"rg":4.217933333333334,"rev":7826900000.0,"mdp":89.29902157887682},{"name":"CRAWFORD UNITED CORPORATION","cik":47307,"fy":2017,"cl":2,"nm":0.059134721866788205,"pe":1.2497855716716038,"pb":0.1780217059507041,"rg":2.5837381014719116,"rev":23816735.0,"mdp":98.23214046374481},{"name":"HOLLYFRONTIER CORP","cik":48039,"fy":2017,"cl":2,"nm":0.05651379568978238,"pe":5.587320507328702,"pb":0.8378594812830571,"rg":205.84033381712626,"rev":14251299000.0,"mdp":56.78327301970245},{"name":"EVI Industries, Inc.","cik":65312,"fy":2017,"cl":2,"nm":0.0336993764498074,"pe":15.305814651089358,"pb":1.504267471449851,"rg":1.6093663028238203,"rev":93978000.0,"mdp":37.80324353303847},{"name":"WELLS        FARGO & COMPANY/MN","cik":72971,"fy":2017,"cl":2,"nm":0.2509701433436287,"pe":12.3842582157508,"pb":1.32756021185294,"rg":44.86870783601453,"rev":88389000000.0,"mdp":97.5981771880445},{"name":"Carbon Energy Corp","cik":86264,"fy":2017,"cl":2,"nm":0.2811373648378054,"pe":1.5827793605571383,"pb":0.6823609689525759,"rg":1.7422818791946308,"rev":22473000.0,"mdp":26.2324085243265},{"name":"APPLIED INDUSTRIAL TECHNOLOGIES, INC.","cik":109563,"fy":2017,"cl":2,"nm":0.051628031426361715,"pe":16.941557762676425,"pb":3.0441137005270673,"rg":119.7235745869211,"rev":2593746000.0,"mdp":36.64120091140598},{"name":"SANARA MEDTECH INC.","cik":714256,"fy":2017,"cl":2,"nm":0.052549184811874115,"pe":18.298841866656204,"pb":59.125114591663575,"rg":0.14468214747198227,"rev":6304741.0,"mdp":98.24956440155475},{"name":"RPC,\u00a0INC.","cik":742278,"fy":2017,"cl":2,"nm":0.10187327571561916,"pe":7.250296902978875,"pb":1.2923734530222213,"rg":-0.9619450130012643,"rev":1595227000.0,"mdp":43.838627529821736},{"name":"BAR HARBOR BANKSHARES","cik":743367,"fy":2017,"cl":2,"nm":0.22394437791313787,"pe":17.84281883584042,"pb":1.3077686731088622,"rg":8.399060652684428,"rev":116069000.0,"mdp":39.13550462404503},{"name":"XOMA Royalty Corp","cik":791908,"fy":2017,"cl":2,"nm":0.27701651167204405,"pe":2.7812911071526445,"pb":7.016198582786036,"rg":8.46980589503954,"rev":52690000.0,"mdp":92.06808738774963},{"name":"SORRENTO THERAPEUTICS, INC.","cik":850261,"fy":2017,"cl":2,"nm":0.06013591823833105,"pe":16.754270696452036,"pb":0.7666559769101259,"rg":17.628066732090286,"rev":151856000.0,"mdp":57.68395657418577},{"name":"Gulfport Energy Corporation","cik":874499,"fy":2017,"cl":2,"nm":0.329584951333141,"pe":6.19808730052947,"pb":0.8695827672302228,"rg":2.421271799124148,"rev":1320303000.0,"mdp":78.55247285886611},{"name":"ICU MEDICAL INC/DE","cik":883984,"fy":2017,"cl":2,"nm":0.05310483493512753,"pe":45.56538095099353,"pb":2.6102896464355636,"rg":2.407244077053657,"rev":1292613000.0,"mdp":48.02975472456775},{"name":"Nocopi Technologies, Inc.","cik":888981,"fy":2017,"cl":2,"nm":0.24328291531048568,"pe":6.9176285414480585,"pb":12.253717472118959,"rg":0.1325623418865197,"rev":1566900.0,"mdp":89.08591341643212},{"name":"TAUBMAN CENTERS, INC.","cik":890319,"fy":2017,"cl":2,"nm":0.12827318747864233,"pe":43.36782107676105,"pb":157.37410071942446,"rg":0.02711257891102379,"rev":629165000.0,"mdp":66.82214180404772},{"name":"THE MARYGOLD COMPANIES, INC.","cik":1005101,"fy":2017,"cl":2,"nm":0.16201653794004903,"pe":2.0953577779744488,"pb":0.8232799670482527,"rg":6.575906337529006,"rev":32011121.0,"mdp":50.9422329446455},{"name":"Seelos Therapeutics, Inc.","cik":1017491,"fy":2017,"cl":2,"nm":0.6281800391389433,"pe":44.54828660436137,"pb":3.2715625714939374,"rg":-0.9113309040430332,"rev":511000.0,"mdp":68.6784613322611},{"name":"FLAGSTAR BANCORP INC","cik":1033012,"fy":2017,"cl":2,"nm":0.07325581395348837,"pe":10.555555555555555,"pb":0.4753395282344532,"rg":1.0623501199040768,"rev":860000000.0,"mdp":81.8777643747487},{"name":"NATIONAL HEALTHCARE CORPORATION","cik":1047335,