{"year":2026,"n":61,"dots":{"x":[-2.6337616443634033,-7.403215408325195,-3.1545655727386475,-3.1499297618865967,-5.9976911544799805,-2.6665749549865723,-5.369415760040283,-5.366300106048584,-5.356912612915039,-2.9469692707061768,-1.176737666130066,-5.085207939147949,-4.718595027923584,-0.1335444152355194,-5.062686920166016,-4.817147254943848,-1.2706223726272583,-1.6724597215652466,1.7609931230545044,-3.8863351345062256,-0.38021308183670044,-3.867156982421875,-1.1849592924118042,-5.087988376617432,-3.2735555171966553,-2.8738696575164795,-6.573520183563232,-3.5650086402893066,-4.582380771636963,4.281225204467773,0.9920366406440735,4.547814846038818,-0.8544508814811707,-4.010954856872559,-4.118074417114258,-3.662473440170288,5.78387451171875,0.5504243969917297,-5.971890926361084,-3.9359776973724365,-0.467080682516098,0.9120192527770996,0.670661985874176,-1.4703727960586548,-7.7275590896606445,-0.8164476156234741,-4.293882846832275,-0.17947602272033691,-4.788237571716309,-4.268868923187256,6.573278903961182,-0.842776894569397,-1.8884716033935547,-1.2113264799118042,1.8940736055374146,-2.8855302333831787,-0.47324806451797485,11.659111022949219,-0.1332693248987198,3.5325496196746826,3.4292614459991455],"y":[-2.758545160293579,0.6554722785949707,-1.9234663248062134,2.9749255180358887,-1.6073307991027832,1.1264970302581787,-2.458963394165039,0.6681051254272461,0.6838327646255493,2.5954978466033936,-2.5382821559906006,0.40103769302368164,1.4473180770874023,-2.1731855869293213,-1.3618472814559937,-1.295129656791687,0.007393941283226013,-3.188007116317749,-3.7617695331573486,-0.478153258562088,1.5938700437545776,-1.1719069480895996,-2.0564191341400146,-2.632404327392578,2.6348156929016113,4.894870758056641,-0.9779157042503357,-0.32033786177635193,0.2075365036725998,7.114989757537842,-2.6820733547210693,6.643099784851074,0.42185765504837036,3.789006471633911,-2.4319517612457275,3.409515619277954,9.576882362365723,-0.9281378984451294,-1.397140622138977,0.5090107917785645,-0.7874442934989929,-1.5501809120178223,-0.4598225951194763,-0.1662200689315796,1.6624349355697632,-0.590728759765625,-1.446999192237854,-0.7952799797058105,-2.227562665939331,-1.8386938571929932,8.055055618286133,7.252535343170166,6.964470386505127,1.153314471244812,-0.7987237572669983,-2.169348955154419,0.8645706176757812,-4.106784343719482,-1.8314896821975708,0.6349730491638184,-0.45698368549346924],"z":[1.400841643187188,1.313701986344689,1.2205102982545057,1.460763638125405,0.9806511066095563,1.400841643187188,1.3423398827651876,1.2826521481605242,1.4362393805936948,1.5833484602641967,1.624726354385827,1.0765692561837528,1.7887934034022255,1.400841643187188,1.0459512086919942,1.0464968096904936,1.0413153542463196,2.022531957204668,1.400841643187188,1.3912180066959314,1.5526363318620586,1.6658162037225448,1.400841643187188,1.1248836936709998,1.6653009244666415,1.5939101042447166,1.1518313575942078,1.6280746807687,1.883871964321762,1.621070687191807,1.400841643187188,1.400841643187188,1.8016203433898332,0.9371465715116696,1.7114623890461227,1.1750869776921444,0.8497921747494867,1.400841643187188,1.0478777613718144,1.305817009096845,1.400841643187188,1.400841643187188,1.400841643187188,1.400841643187188,1.400841643187188,1.400841643187188,1.8737759857759617,1.400841643187188,1.8044810650454781,1.2604842092385173,1.400841643187188,1.400841643187188,0.2214474924341364,1.4104652796784445,1.400841643187188,2.637889534988686,1.400841643187188,-0.97,1.400841643187188,1.8694320151019954,1.400841643187188],"color":[-0.061125173412972834,0.02211800341168079,0.10505822799206206,0.1710393271731854,0.13898472221003966,-0.13568972589569725,0.37514784798962064,0.11164899166562789,0.2698683650723877,0.07353475943061227,0.05046051034023831,0.09519125149890294,0.391982728833154,-0.3498532750288382,0.1497671135916847,0.2343491858512419,0.24689079886281484,0.07014145750268305,-0.2548208988499128,0.18993592539854268,0.784450118619593,0.28252015577949013,-0.2826669308724652,0.2859829779056661,0.02080629323217406,0.03805630615825438,0.05609816510831891,0.08838554722698419,0.22749880942645154,0.2848953479140252,-0.42551592588538734,-0.43838484421573454,0.11192105641537119,0.6290923849820967,0.0987596980012449,0.1671349922543935,0.17538891183582936,-0.7110562440456085,0.662994650669908,0.25610681109922,-0.4085363008094666,-0.7912315902814703,-0.5614243228127525,-0.022851760072646554,-0.1061806913305848,-0.19228623985418886,0.2462991215900496,-0.42617278417741733,0.023635292321973533,0.42232196669437555,-0.5486881724777326,-0.7711723066929131,0.273092480594891,0.6042321207450022,-0.9173340924212607,0.03482437734828658,-0.5399756187217009,0.871692018162631,-0.524882206490328,0.0,-0.9838588688671382],"size":[3.014458989981013,4.855891611329548,3.3473289610772947,5.400012421008472,4.00338260522824,4.2992263901843035,4.229279510994305,7.0,6.979112177864321,4.1338680226793105,3.2013168064793436,6.7342305644225675,5.5732053332251805,3.177696982949886,5.536170576805864,5.47004814146583,3.2376460810834424,3.0,3.0,4.150864245488963,7.0,3.8704713797146724,3.4206050434975444,3.846845314016454,5.690251915249435,6.418887994776217,4.21830150100905,3.409727120525098,5.759615664418691,4.374903539297276,3.4001062311200934,3.5109684256881546,3.101611753135497,3.79858061258077,4.165058535204669,5.5783255030317935,7.0,4.267816439474616,5.313883266068814,3.7337809698228037,4.240636022767542,4.033198966211407,5.288286443270392,4.585497044009959,3.8895668783337527,4.23667275721899,4.97550438994878,4.066189965426193,4.028330678961155,4.582194076166121,3.825071726701629,3.6792287976458424,4.855104592490207,5.6582374962936814,3.487468623046274,3.923326669350496,4.448689574354132,3.0,4.31259670927394,4.0,4.039509156009831]},"vertices":[{"name":"AstroNova, Inc.","cik":8146,"fy":2026,"cl":1,"nm":-0.015785802079526956,"pe":null,"pb":1.1085712055371966,"rg":-0.005076578333322317,"rev":150515000.0,"mdp":84.81302774427022},{"name":"Genesco Inc.","cik":18498,"fy":2026,"cl":0,"nm":0.005446829681588903,"pe":19.217725525661315,"pb":0.44970055233809014,"rg":0.04775528566550053,"rev":2436096000.0,"mdp":20.006701514542286},{"name":"THE EASTERN COMPANY","cik":31107,"fy":2026,"cl":1,"nm":0.028649134899981762,"pe":15.506375560177407,"pb":0.8873468736241211,"rg":-0.08719138586450598,"rev":248970345.0,"mdp":71.7142474199169},{"name":"Dycom Industries, Inc.","cik":67215,"fy":2026,"cl":0,"nm":0.05070203061281896,"pe":26.962716052192654,"pb":4.078033647888051,"rg":0.17947585864270077,"rev":5545912000.0,"mdp":24.24741991690122},{"name":"MOVADO GROUP, INC.","cik":72573,"fy":2026,"cl":1,"nm":0.03955251672103797,"pe":8.925881289545044,"pb":0.4657634393387338,"rg":0.027445062429405337,"rev":671310000.0,"mdp":23.37488272349551},{"name":"SEMTECH CORPORATION","cik":88941,"fy":2026,"cl":0,"nm":-0.03845424891068835,"pe":null,"pb":7.276458111249768,"rg":0.15472342615697793,"rev":1049975000.0,"mdp":10.873877496314167},{"name":"Argan, Inc.","cik":100591,"fy":2026,"cl":1,"nm":0.14585340342957806,"pe":20.527680650921074,"pb":6.118133599560422,"rg":0.08056359166715284,"rev":944606000.0,"mdp":37.43197962739579},{"name":"Walmart Inc.","cik":104169,"fy":2026,"cl":0,"nm":0.03069845182658102,"pe":17.89172227342073,"pb":3.932094679944186,"rg":0.04725214211766779,"rev":713163000000.0,"mdp":81.21431443506233},{"name":"The TJX Companies, Inc.","cik":109198,"fy":2026,"cl":0,"nm":0.09100245146756775,"pe":25.482344375682562,"pb":13.738959764474975,"rg":0.07118523775727466,"rev":60372000000.0,"mdp":85.86784613322611},{"name":"SUNOPTA INC.","cik":351834,"fy":2026,"cl":0,"nm":0.019283002023932544,"pe":35.755961440892946,"pb":3.300994748151314,"rg":0.12986508743616387,"rev":817715000.0,"mdp":58.04315775365233},{"name":"VIRCO MFG. CORPORATION","cik":751365,"fy":2026,"cl":1,"nm":0.01286238054214333,"pe":39.33021806853583,"pb":0.9534508312014425,"rg":-0.2501051682692308,"rev":199652000.0,"mdp":60.15949604610642},{"name":"BEST BUY CO., INC.","cik":764478,"fy":2026,"cl":0,"nm":0.02564102564102564,