{"year":2011,"n":23,"dots":{"x":[6.6397786140441895,9.409477233886719,5.0267815589904785,4.0851640701293945,4.026324272155762,4.033432483673096,3.7738940715789795,3.899810314178467,5.225564002990723,9.757315635681152,4.095720291137695,4.070055961608887,3.672292709350586,10.10842227935791,6.911959648132324,3.7098400592803955,6.963593482971191,4.44185209274292,3.638829231262207,4.9310622215271,7.196298122406006,5.681419372558594,6.023706912994385],"y":[-3.8804984092712402,7.001304626464844,-3.7833917140960693,-4.508177280426025,-4.954068183898926,-4.921934604644775,-3.8840203285217285,-3.9566264152526855,-3.7731566429138184,6.914431571960449,-4.626574993133545,-4.65948486328125,-3.91298246383667,-4.138373851776123,3.019742250442505,-3.8899550437927246,-3.9350430965423584,-3.8051400184631348,-4.089959144592285,-3.793090343475342,2.9372646808624268,-3.8078536987304688,-3.8428902626037598],"z":[0.616611386455656,0.9862721774484569,0.6613757386527108,0.8573941164277351,-0.2375402225712481,0.11003225504368874,0.811918435929675,0.1796535999517595,0.2931203219025975,1.0612473299113572,0.8652598721020811,0.9993981923984581,1.0660373757574866,1.251643847693347,0.4392630387694284,0.5802956581414385,0.5206815517731406,0.4266969307218986,0.7164275070062496,0.18263288509277775,0.6964499168760376,0.11396276391685169,0.16563670461923055],"color":[0.01210566815111167,0.5858681151728072,0.038329017579308705,0.944083261158977,0.654014982226068,0.5001829691856784,0.4132438982794837,0.3544413942866504,0.3905779549031385,0.3238055698895469,0.4652893437067398,0.2535860286159666,0.5480307492927032,0.07595870845990103,0.09914959105542896,0.5372295290595955,0.24011475605934576,0.18004540928320614,0.07599124874851414,0.06819491213995592,0.5828316200415968,0.39471805349199235,0.8056982848909932],"size":[5.053675486657038,7.0,4.6782866456495364,4.51545213422671,3.8711465614087603,4.044262969403909,4.532535158198382,4.037163106099641,6.632093400732245,7.0,6.503125956815044,6.87895097115323,5.180516328227431,4.316840987387922,4.818111756072707,4.764537182151996,4.585087949668404,3.9811660643988667,3.641316072429248,5.911241743930411,3.0,4.949186936039974,3.0]},"vertices":[{"name":"CCOM GROUP, INC.","cik":21828,"fy":2011,"cl":2,"nm":0.002945354686593418,"pe":3.8602140443109274,"pb":0.18609897528282018,"rg":null,"rev":79563932.0,"mdp":8.477415895992495},{"name":"Fifth Third Bancorp","cik":35527,"fy":2011,"cl":2,"nm":0.30749170222854433,"pe":9.042159789514264,"pb":0.8883933980001515,"rg":67.03225806451613,"rev":4218000000.0,"mdp":76.83956574185767},{"name":"GEE GROUP INC.","cik":40570,"fy":2011,"cl":2,"nm":0.00962650246040496,"pe":4.279329608938547,"pb":0.3263740945888368,"rg":null,"rev":37189000.0,"mdp":16.5902694008846},{"name":"GREAT NORTHERN IRON ORE PROPERTIES","cik":43410,"fy":2011,"cl":2,"nm":0.8619697209335184,"pe":6.720384421757016,"pb":15.024250332926162,"rg":null,"rev":26738539.0,"mdp":53.17517759013537},{"name":"IMPERIAL INDUSTRIES INC","cik":49930,"fy":2011,"cl":2,"nm":0.3798289183222958,"pe":0.5400820922629859,"pb":0.8505983981693364,"rg":null,"rev":7248000.0,"mdp":98.30183621498459},{"name":"Soluna Holdings, Inc","cik":64463,"fy":2011,"cl":2,"nm":0.23180802487127175,"pe":1.2023537300922045,"pb":1.791890068707058,"rg":null,"rev":10293000.0,"mdp":64.04503417772418},{"name":"F&M BANK CORP.","cik":740806,"fy":2011,"cl":2,"nm":0.1693699668632923,"pe":6.052271974414012,"pb":0.6144300488272785,"rg":null,"rev":27680179.0,"mdp":85.30491891167404},{"name":"Tingo Group, Inc.","cik":854800,"fy":2011,"cl":2,"nm":0.1339444115907747,"pe":1.411411331861663,"pb":0.5310376522702104,"rg":null,"rev":10146000.0,"mdp":97.0044229995979},{"name":"RADIAN GROUP INC","cik":890926,"fy":2011,"cl":2,"nm":0.15512030487056708,"pe":1.8328221380109218,"pb":0.4684017801032064,"rg":null,"rev":1947843000.0,"mdp":40.958316579546974},{"name":"PPL Corporation","cik":922224,"fy":2011,"cl":2,"nm":0.11737457800109916,"pe":10.746012215384615,"pb":1.4836801128555597,"rg":30.141809290953546,"rev":12737000000.0,"mdp":59.54429701112451},{"name":"ITT EDUCATIONAL SERVICES INC","cik":922475,"fy":2011,"cl":2,"nm":0.20517497594918227,"pe":6.843210071746081,"pb":12.476445867570305,"rg":-0.060493733593313996,"rev":1499949000.0,"mdp":74.37876960193005},{"name":"W. R. GRACE & CO.","cik":1045309,"fy":2011,"cl":2,"nm":0.08368878234067063,"pe":9.319619735863096,"pb":15.715895765370139,"rg":0.20071028037383176,"rev":3211900000.0,"mdp":83.44055756600991},{"name":"CARDINAL FINANCIAL CORP","cik":1060523,"fy":2011,"cl":2,"nm":0.2721475922937849,"pe":10.865191263661691,"pb":1.179920738353173,"rg":null,"rev":102878000.0,"mdp":88.63155073046508},{"name":"COASTAL BANKING CO INC","cik":1093897,"fy":2011,"cl":2,"nm":0.019978338493311678,"pe":16.658805119476856,"pb":0.17945255876157779,"rg":null,"rev":17880566.0,"mdp":14.811687441361748},{"name":"TRX INC/GA","cik":1103025,"fy":2011,"cl":2,"nm":0.026839248095932588,"pe":2.5660377358490565,"pb":7.925407925407925,"rg":null,"rev":49368000.0,"mdp":43.218067283206004},{"name":"PACIFIC MERCANTILE BANCORP","cik":1109546,"fy":2011,"cl":2,"nm":0.2626326484533755,"pe":3.550550206327373,"pb":0.4767676767676768,"rg":null,"rev":44290000.0,"mdp":54.301032033239515},{"name":"CAROLINA BANK HOLDINGS INC","cik":1127160,"fy":2011,"cl":2,"nm":0.07784995128288405,"pe":3.095148936170213,"pb":0.159351174878646,"rg":null,"rev":30790000.0,"mdp":30.116606353035785},{"name":"InsPro Technologies Corp","cik":1309442,"fy":2011,"cl":2,"nm":0.0539919335963548,"pe":2.4928544992424073,"pb":0.4736096219290476,"rg":null,"rev":9057816.0,"mdp":74.91623106822142},{"name":"CLEAN ENERGY TECHNOLOGIES, INC.","cik":1329606,"fy":2011,"cl":2,"nm":0.01998770055285971,"pe":4.857664394106004,"pb":1.3067887009794497,"rg":null,"rev":4549798.0,"mdp":84.78890229191798},{"name":"China Auto Logistics Inc","cik":1355042,"fy":2011,"cl":2,"nm":0.017765392172124483,"pe":1.4211269816865366,"pb":0.2033500306591782,"rg":null,"rev":452149602.0,"mdp":18.541750435598445},{"name":"RJS DEVELOPMENT, INC.","cik":1373149,"fy":2011,"cl":2,"nm":0.30453545032533375,"pe":4.639272864987691,"pb":11.499647969960103,"rg":null,"rev":104047.0,"mdp":99.17035249966493},{"name":"YANGTZE RIVER PORT AND LOGISTICS LIMITED","cik":1487843,"fy":2011,"cl":2,"nm":0.15766563100989325,"pe":1.2132848198748218,"pb":0.14630792209519025,"rg":null,"rev":64383943.0,"mdp":39.501407318053886},{"name":"CENTURY NEXT FINANCIAL CORP","cik":1493006,"fy":2011,"cl":2,"nm":0.590316573556797,"pe":1.3665851735015773,"pb":0.046179245283018866,"rg":null,"rev":1074000.0,"mdp":97.75365232542555}]}