{"year":2010,"n":43,"dots":{"x":[4.4330315589904785,3.941739082336426,4.654395580291748,4.754251480102539,3.4125406742095947,5.329361915588379,5.869835376739502,2.030867338180542,4.805362224578857,5.777681827545166,5.224131107330322,4.374900817871094,15.59291934967041,4.906396865844727,7.6857733726501465,4.412944316864014,5.779316425323486,3.297684669494629,6.594362735748291,4.989969730377197,5.322829723358154,4.819698333740234,7.726476669311523,2.64666485786438,6.8992743492126465,3.22176456451416,7.748103141784668,5.081569194793701,8.969307899475098,5.507145404815674,3.367542266845703,4.891927719116211,4.818048000335693,8.085923194885254,4.291177749633789,8.154902458190918,4.94237756729126,6.550578594207764,8.434920310974121,5.780545711517334,5.264950752258301,4.05877685546875,4.728383541107178],"y":[6.7252516746521,3.638505458831787,7.35396146774292,6.617464542388916,0.403414249420166,0.16098445653915405,9.09532356262207,2.5604939460754395,-3.738051652908325,9.59068489074707,7.192265510559082,7.162857532501221,-1.0144257545471191,7.600419998168945,-1.068556308746338,7.059201717376709,9.60654067993164,-1.203237533569336,8.04122257232666,7.69996452331543,-3.7355382442474365,7.811957359313965,-1.0365452766418457,-1.5376815795898438,2.998389482498169,-0.0075870235450565815,-1.1891274452209473,7.905965328216553,-2.333878755569458,8.15353775024414,0.3536544740200043,8.083272933959961,8.024651527404785,-1.6389710903167725,7.080691337585449,-1.5032284259796143,7.555891513824463,-3.4978301525115967,-2.3474340438842773,9.574563980102539,0.20727361738681793,-4.6790900230407715,7.527889728546143],"z":[1.055607630629503,1.099401945016167,1.055607630629503,1.055607630629503,0.7428117048450669,1.055607630629503,1.109175892681767,1.2429724961988695,0.8877766435563295,1.2236319597163836,1.055607630629503,0.6954103333763564,1.055607630629503,1.3563648148593535,1.055607630629503,0.5514415979170194,0.3066892296450452,1.055607630629503,1.055607630629503,1.173056830786112,1.1628917432521628,1.055607630629503,1.055607630629503,1.055607630629503,0.9012045293122352,1.055607630629503,1.055607630629503,0.6048849961053548,1.055607630629503,1.055607630629503,0.7446034008402204,0.9462528392089977,0.9870651351438707,1.055607630629503,1.15295309094993,1.055607630629503,1.3735226287226334,1.055607630629503,1.055607630629503,1.3129223695107457,1.055607630629503,1.066641529567224,0.7968699221274619],"color":[-0.08009349607174675,0.375117613642243,-0.08033815913983297,-0.2797647843395753,0.17152767713480482,-1.0,0.17148955600602317,0.43462453789576283,0.02952581119648993,0.17977529192930064,-0.07512505240676805,0.34145697964821553,-0.2695151231067299,0.07794768384684606,-1.0,0.1927022196803774,0.7106753043618396,-1.0,-0.414780442684447,0.07030041142395337,0.19278985914249164,0.2896447753919878,-1.0,-1.0,0.5033808493742532,-0.5452727547732256,-1.0,0.24023488611423388,-1.0,-0.01910936669062166,0.2391066799996202,0.42975259053763915,0.5223254444458093,-1.0,0.3827293921380171,-1.0,0.10176204220092108,0.0,-1.0,0.18938511172719272,-1.0,0.4222140839691273,0.1672034075932012],"size":[6.91213362523909,7.0,6.9124878721462455,6.4703436465481206,7.0,3.4160943817175915,5.720302087901442,6.204155409997798,6.25029383314393,6.359967507272792,6.970008999695217,5.827977573972644,7.0,5.821780583862973,3.531749157861455,6.242262032039296,5.968141937664942,4.630800019593536,6.204510341257247,6.676269218135028,5.652146477068765,6.479819412429554,4.933841270905717,5.658833122207053,5.8798418404389095,5.779581358792718,4.947198644839181,6.691972456514179,3.0,6.662622624628243,6.082420815000177,5.493137918037855,5.974509716237957,4.50481665713197,5.899049505787315,3.3999352121352935,6.101452424798913,4.0,3.0,6.1240737099893945,3.0,6.342771476021769,6.116291805406842]},"vertices":[{"name":"AMERICAN AIRLINES, INC.","cik":4515,"fy":2010,"cl":2,"nm":-0.021173814898419865,"pe":null,"pb":null,"rg":null,"rev":22150000000.0,"mdp":29.789572443372204},{"name":"American Express Co","cik":4962,"fy":2010,"cl":2,"nm":0.14583557999928107,"pe":11.732807493221593,"pb":2.932840418977203,"rg":4.218345526167698,"rev":27819000000.0,"mdp":96.57418576598312},{"name":"AMERICAN AIRLINES GROUP INC.","cik":6201,"fy":2010,"cl":2,"nm":-0.02124492557510149,"pe":null,"pb":null,"rg":null,"rev":22170000000.0,"mdp":83.41375150784077},{"name":"Eastman Kodak Company","cik":31235,"fy":2010,"cl":2,"nm":-0.09558925838319188,"pe":null,"pb":null,"rg":null,"rev":7187000000.0,"mdp":69.14622704731269},{"name":"Ford Motor Co","cik":37996,"fy":2010,"cl":2,"nm":0.0508786078756766,"pe":5.161925174211248,"pb":null,"rg":0.08998546167630253,"rev":128954000000.0,"mdp":77.6732341509181},{"name":"ANDEAVOR","cik":50104,"fy":2010,"cl":2,"nm":-9.666666666666666,"pe":null,"pb":0.4976671850699845,"rg":null,"rev":3000000.0,"mdp":97.535182951347},{"name":"VECTOR GROUP LTD.","cik":59440,"fy":2010,"cl":2,"nm":0.05086481662088106,"pe":11.999852081946601,"pb":null,"rg":null,"rev":1063289000.0,"mdp":11.773220747889022},{"name":"NORTHERN TRUST CORPORATION","cik":73124,"fy":2010,"cl":2,"nm":0.18354031307399182,"pe":16.329485302464526,"pb":1.6006017905509276,"rg":1.5943812233285917,"rev":3647700000.0,"mdp":70.6245811553411},{"name":"OLD REPUBLIC INTERNATIONAL CORPORATION","cik":74260,"fy":2010,"cl":2,"nm":0.007336631974065859,"pe":7.207367109634552,"pb":0.05263787790556607,"rg":null,"rev":4102700000.0,"mdp":84.53558504221954},{"name":"PITNEY BOWES INC /DE/","cik":78814,"fy":2010,"cl":2,"nm":0.053892223294983055,"pe":15.618235235772747,"pb":null,"rg":-0.025841727610805987,"rev":5425254000.0,"mdp":7.336818120895322},{"name":"Rite Aid Corporation","cik":84129,"fy":2010,"cl":2,"nm":-0.01973873896792009,"pe":null,"pb":null,"rg":null,"rev":25669117000.0,"mdp":82.17799222624313},{"name":"WW INTERNATIONAL, INC.","cik":105319,"fy":2010,"cl":2,"nm":0.12677271567281168,"pe":4.628180981595092,"pb":null,"rg":null,"rev":1398913000.0,"mdp":72.52379037662512},{"name":"FEDERAL NATIONAL MORTGAGE ASSOCIATION FANNIE MAE","cik":310522,"fy":2010,"cl":2,"nm":-0.0908407337784404,"pe":null,"pb":null,"rg":2.9199593444289165,"rev":154270000000.0,"mdp":98.8098110172899},{"name":"CINCINNATI BELL INC.","cik":716133,"fy":2010,"cl":2,"nm":0.0205519244734931,"pe":21.20141342756184,"pb":null,"rg":null,"rev":1377000000.0,"mdp":17.87159898136979},{"name":"SAVIENT PHARMACEUTICALS INC","cik":722104,"fy":2010,"cl":2,"nm":-18.150198609731877,"pe":null,"pb":17.160756693121158,"rg":null,"rev":4028000.0,"mdp":47.4976544699102},{"name":"UNISYS CORP","cik":746838,"fy":2010,"cl":2,"nm":0.058737187779878595,"pe":3.3223210504023717,"pb":null,"rg":null,"rev":4019600000.0,"mdp":77.14649510789438},{"name":"Encompass Health Corporation","cik":785161,"fy":2010,"cl":2,"nm":0.4496573800830291,"pe":1.8909899888765296,"pb":null,"rg":null,"rev":1999300000.0,"mdp":40.92212840101863},{"name":"AMAG PHARMACEUTICALS,\u00a0INC.","cik":792977,"fy":2010,"cl":2,"nm":-1.2250433995018493,"pe":null,"pb":2.9455411234232693,"rg":null,"rev":66245000.0,"mdp":33.21002546575526},{"name":"LEVEL 3 PARENT, LLC","cik":794323,"fy":2010,"cl":2,"nm":-0.17036428375787455,"pe":null,"pb":null,"rg":null,"rev":3651000000.0,"mdp":26.532636375820935},{"name":"NAVISTAR INTERNATIONAL CORP","cik":808450,"fy":2010,"cl":2,"nm":0.018361465623713463,"pe":13.90134529147982,"pb":null,"rg":null,"rev":12145000000.0,"mdp":46.74574453826565},{"name":"MBIA Inc.","cik":814585,"fy":2010,"cl":2,"nm":0.05877054994528965,"pe":13.579749014829904,"pb":0.25186992446345324,"rg":null,"rev":893798000.0,"mdp":54.56105079748023},{"name":"AUTOZONE INC","cik":866787,"fy":2010,"cl":2,"nm":0.10027832491105745,"pe":10.607367868012261,"pb":null,"rg":null,"rev":7362618000.0,"mdp":49.59254791582898},{"name":"VERTEX PHARMACEUTICALS INC / MA","cik":875320,"fy":2010,"cl":2,"nm":-5.263486084955011,"pe":null,"pb":13.09593966343435,"rg":null,"rev":143370000.0,"mdp":70.47982844122772},{"name":"PROLOGIS","cik":899881,"fy":2010,"cl":2,"nm":-1.3974470799808614,"pe":null,"pb":0.6418512244073228,