{"year":2021,"n":65,"dots":{"x":[2.5103816986083984,9.247640609741211,6.958504676818848,5.115657806396484,2.7381064891815186,9.459949493408203,8.228653907775879,3.297907590866089,9.63630485534668,3.669811964035034,9.303590774536133,3.9884727001190186,5.297806262969971,4.948972702026367,5.786694526672363,2.6231133937835693,9.650812149047852,2.44244384765625,7.619503498077393,2.6982779502868652,9.431024551391602,9.405735969543457,9.241083145141602,3.728008270263672,9.774264335632324,3.0552310943603516,3.9880173206329346,9.360542297363281,3.715517044067383,9.326272010803223,9.648514747619629,9.33492660522461,9.434496879577637,9.394331932067871,9.318602561950684,2.9715800285339355,2.5352225303649902,3.6005313396453857,2.6887335777282715,9.613163948059082,9.315473556518555,2.5947556495666504,3.337172746658325,4.081501483917236,3.5944371223449707,9.305837631225586,2.709087371826172,9.079236030578613,3.6681370735168457,9.387374877929688,9.3004732131958,9.308963775634766,3.7533926963806152,9.299574851989746,9.616329193115234,3.8438007831573486,2.660325527191162,3.163344383239746,4.875263690948486,10.093793869018555,5.7891998291015625,9.465777397155762,9.631248474121094,8.794724464416504,10.670801162719727],"y":[2.820800304412842,7.00901460647583,2.9762303829193115,3.0840094089508057,2.870856523513794,6.973177433013916,-3.998055934906006,3.242506504058838,6.632579803466797,-3.9613964557647705,6.982809543609619,3.6824772357940674,-3.748197078704834,-3.8299176692962646,-3.8248696327209473,2.855581760406494,6.9777607917785645,2.8305017948150635,-3.9929542541503906,2.965083360671997,6.971495628356934,6.978291034698486,6.5641584396362305,3.4979000091552734,6.896963119506836,-3.1769778728485107,-4.433877468109131,6.99395751953125,3.464871883392334,6.986873149871826,6.890639781951904,6.996746063232422,6.49680233001709,6.9787821769714355,6.991278648376465,3.009875535964966,2.708693027496338,3.424315929412842,2.8855926990509033,6.6253557205200195,6.973984718322754,2.8925259113311768,3.250149965286255,-4.523089408874512,3.426666021347046,6.980596542358398,2.901028871536255,6.682884216308594,3.462486505508423,6.9853034019470215,7.03201150894165,6.9804229736328125,-3.608774185180664,7.010392189025879,6.910895824432373,3.572570562362671,2.935029983520508,3.102034091949463,2.9539105892181396,-4.13687801361084,-3.7557926177978516,6.854711532592773,6.969004154205322,-4.006010055541992,-4.2073140144348145],"z":[0.9010567168664514,1.4989750606550711,1.497996467051105,2.336210508167761,1.7405781780561538,1.0508179017452959,-0.03810770646912895,0.5814149649382364,2.17112915533408,0.038771056826394805,1.2668693390491959,1.0985927572455436,1.2166373823301848,0.6538998494377307,1.4528058773322925,0.3600936550152066,-0.12852193677719814,0.45376031920473625,0.6566108909857782,0.6252190060442315,1.1451310330541642,0.5514775976091346,1.0897180869140517,0.9581496986606054,0.8607601544456779,0.6226155832979872,1.1330061228881152,0.9479108774738451,0.22015050967060895,0.8917179731720173,1.3371248517826795,0.9519436350431584,0.6991386073209415,0.7956484483150879,0.6061807194499188,1.37313590174607,1.1258671214421834,0.8565199292428011,0.5810422045230931,1.5560266978779993,1.4415656742580023,1.4462144570527187,1.2342627595513926,1.0316966451972376,1.9324008388371778,0.6637953941632437,1.0406421827333014,1.6367806300005467,0.8800525208515995,0.27753916155646075,1.5098027125754225,0.8509803401182174,0.7979320852019576,0.7382497510630245,0.26937672024324344,1.4465402929196993,1.482742585077247,1.7845123052735719,1.9746164731659674,0.9095700349533699,0.6826062343143806,1.3654606312219146,-0.02680503909596972,0.10228872750743055,0.09320922331860965],"color":[0.2555538463668535,0.8142194986133806,0.2504672847935162,0.86356583363648,0.42190746234006565,0.550627262222916,0.20820116460137733,0.37565971700324347,0.035252184075098926,0.1809233033658733,0.688779010823965,0.24364732824298793,0.06624313608025255,0.7634863915011063,0.017624708561595925,0.6803292927655676,0.6490296501484528,0.6756671331492087,0.784383301386756,0.24751257076551295,0.42121640224331525,0.6681533627464168,0.7914218781211396,0.5730219240270411,0.39438568417733916,0.24423672803230898,0.4898265667806075,0.5747775655416479,0.3058494428912968,0.7009986152882244,0.16390401219777034,0.6264306655717333,0.7385158462238613,0.5767592967622038,0.6736301633805344,0.843177939071005,0.385972840673791,0.44725801002459786,0.6166650636143445,0.1754726785422974,0.6120662594509093,0.49382597531328093,0.18690239422569904,0.9024968913331858,0.5266787524187082,0.8284273088889934,0.5476403015574565,0.8879835209663798,0.35438951556244375,0.805184181965013,0.6816976499800915,0.846134323797046,0.10729666875951031,0.7349076165106685,0.1734725505036,0.36157367666876944,0.22956522456443307,0.10230453071935391,0.8096812601075796,0.6260036795658461,0.3333585645529376,0.46112913912076825,0.5252910274708669,0.3179265493668706,0.6974570306236113],"size":[5.613534330674947,5.560214074951174,6.58108639184988,3.0,5.470668691422782,4.646633673950042,3.8922009469720087,7.0,4.4735351853785845,4.330751067503509,5.19044590987598,4.794927877338506,6.063302843783719,6.120463128752893,5.857941393479109,5.247867453326164,5.354787842167138,5.528110511675145,5.767915384278401,7.0,5.636140255401008,4.409680017219109,4.231476970394976,3.6386624645873376,4.3568792511132965,4.485328432791208,4.15643397195738,4.799908873641128,4.650823340811517,4.551065324093532,6.574418985135992,5.803233214232672,3.0,4.5695336000795805,5.918054050343603,3.4467355282635284,4.268981770170445,6.004070663590163,7.0,3.0,5.251553223364704,5.343792036200869,5.239357736851174,3.925820249288047,6.517462909883633,5.722437246605126,5.66946704239435,6.03341242305893,4.9498965860634225,5.270274120198956,5.995753819084094,7.0,5.437551532833573,6.084019662096011,6.050628296200027,5.568580052906912,6.176512360102524,3.0,4.035684748211838,4.66428462033655,4.751567693995941,3.681180478035116,5.297152465932282,3.6507650399520255,5.38344282964516]},"vertices":[{"name":"EARTHSTONE ENERGY INC","cik":10254,"fy":2021,"cl":2,"nm":0.08455758823571465,"pe":7.43116179122985,"pb":0.4721399782271609,"rg":1.9036416348954837,"rev":419643000.0,"mdp":63.140329714515474},{"name":"First Financial Bankshares, Inc.","cik":36029,"fy":2021,"cl":2,"nm":0.6045668893877605,"pe":29.442525553475537,"pb":3.808497382937022,"rg":133.96055934026532,"rev":376405000.0,"mdp":22.88031095027476},{"name":"HILL-ROM HOLDINGS, INC.","cik":47518,"fy":2021,"cl":2,"nm":0.08232020406135092,"pe":29.37625754527163,"pb":3883598.4465606213,"rg":0.04779590419993058,"rev":3018700000.0,"mdp":99.48800428896931},{"name":"NEW CONCEPT ENERGY, INC","cik":105744,"fy":2021,"cl":2,"nm":0.693069306930693,"pe":202.4,"pb":3.2236632536973833,"rg":null,"rev":101000.0,"mdp":92.63905642675245},{"name":"DIGITAL TURBINE, INC.","cik":317788,"fy":2021,"cl":2,"nm":0.1750244754910246,"pe":51.35446131841702,"pb":19.423192120568938,"rg":2.0277303054002647,"rev":313579000.0,"mdp":25.17490952955368},{"name":"PENNS WOODS BANCORP\u00a0INC","cik":716605,"fy":2021,"cl":2,"nm":0.27447187318108673,"pe":10.491024511944115,"pb":0.9763666949162381,"rg":44.6359375,"rev":58414000.0,"mdp":31.942098914354645},{"name":"VIDEO DISPLAY CORPORATION","cik":758743,"fy":2021,"cl":2,"nm":0.06474762778087871,"pe":0.8548546798029557,"pb":0.16241038839494618,"rg":0.18344814570161366,"rev":12541000.0,"mdp":47.59683688513604},{"name":"CLEVELAND-CLIFFS INC.","cik":764065,"fy":2021,"cl":2,"nm":0.14615535120328702,"pe":3.559712838688086,"pb":1.937417479417122,"rg":2.8184534927157268,"rev":20444000000.0,"mdp":75.56761828173167},{"name":"CHAMPIONS ONCOLOGY, INC.","cik":771856,"fy":2021,"cl":2,"nm":0.008820662768031189,"pe":138.3977900552486,"pb":6.195894138016325,"rg":13.151724137931035,"rev":41040000.0,"mdp":10.754590537461468},{"name":"mPHASE TECHNOLOGIES, INC.","cik":825322,"fy":2021,"cl":2,"nm":0.054316443161086574,"pe":1.0204014259209573,"pb":0.1451515621381884,"rg":0.013075917623291154,"rev":30672314.0,