{"year":2026,"n":31,"dots":{"x":[-2.6337616443634033,-3.1545655727386475,-5.9976911544799805,-5.369415760040283,-1.176737666130066,-0.1335444152355194,-5.062686920166016,-4.817147254943848,-1.6724597215652466,1.7609931230545044,-3.8863351345062256,-3.867156982421875,-1.1849592924118042,-5.087988376617432,-6.573520183563232,0.9920366406440735,-4.118074417114258,0.5504243969917297,-5.971890926361084,-0.467080682516098,0.9120192527770996,0.670661985874176,-1.4703727960586548,-0.8164476156234741,-4.293882846832275,-0.17947602272033691,-4.788237571716309,-4.268868923187256,1.8940736055374146,-2.8855302333831787,-0.1332693248987198],"y":[-2.758545160293579,-1.9234663248062134,-1.6073307991027832,-2.458963394165039,-2.5382821559906006,-2.1731855869293213,-1.3618472814559937,-1.295129656791687,-3.188007116317749,-3.7617695331573486,-0.478153258562088,-1.1719069480895996,-2.0564191341400146,-2.632404327392578,-0.9779157042503357,-2.6820733547210693,-2.4319517612457275,-0.9281378984451294,-1.397140622138977,-0.7874442934989929,-1.5501809120178223,-0.4598225951194763,-0.1662200689315796,-0.590728759765625,-1.446999192237854,-0.7952799797058105,-2.227562665939331,-1.8386938571929932,-0.7987237572669983,-2.169348955154419,-1.8314896821975708],"z":[1.3423398827651876,1.2205102982545057,0.9806511066095563,1.3423398827651876,1.624726354385827,1.3423398827651876,1.0459512086919942,1.0464968096904936,2.022531957204668,1.3423398827651876,1.3912180066959314,1.6658162037225448,1.3423398827651876,1.1248836936709998,1.1518313575942078,1.3423398827651876,1.7114623890461227,1.3423398827651876,1.0478777613718144,1.3423398827651876,1.3423398827651876,1.3423398827651876,1.3423398827651876,1.3423398827651876,1.8737759857759617,1.3423398827651876,1.8044810650454781,1.2604842092385173,1.3423398827651876,2.637889534988686,1.3423398827651876],"color":[-0.061125173412972834,0.10505822799206206,0.13898472221003966,0.37514784798962064,0.05046051034023831,-0.3498532750288382,0.1497671135916847,0.2343491858512419,0.07014145750268305,-0.2548208988499128,0.18993592539854268,0.28252015577949013,-0.2826669308724652,0.2859829779056661,0.05609816510831891,-0.42551592588538734,0.0987596980012449,-0.7110562440456085,0.662994650669908,-0.4085363008094666,-0.7912315902814703,-0.5614243228127525,-0.022851760072646554,-0.19228623985418886,0.2462991215900496,-0.42617278417741733,0.023635292321973533,0.42232196669437555,-0.9173340924212607,0.03482437734828658,-0.524882206490328],"size":[3.5097266234260447,3.998392834646981,4.961505390547076,5.293130934009829,3.78404124821641,3.7493664181744153,7.0,7.0,3.0,3.0,5.178014239733747,4.76638648334574,4.105965006001119,4.731702489554465,5.277014783524484,4.0758719430972254,5.198852015377799,5.349704660893468,6.88537191003634,5.309802740008541,5.00527698131585,6.847794767300986,5.816072284519572,5.3039845102857015,6.388618409544261,5.053709065885049,4.9981301441353105,5.811223397800481,4.204123370899996,4.843980127627495,5.415443858419211]},"vertices":[{"name":"AstroNova, Inc.","cik":8146,"fy":2026,"cl":1,"nm":-0.015785802079526956,"pe":null,"pb":1.1085712055371966,"rg":-0.005076578333322317,"rev":150515000.0,"mdp":84.81302774427022},{"name":"THE EASTERN COMPANY","cik":31107,"fy":2026,"cl":1,"nm":0.028649134899981762,"pe":15.506375560177407,"pb":0.8873468736241211,"rg":-0.08719138586450598,"rev":248970345.0,"mdp":71.7142474199169},{"name":"MOVADO GROUP, INC.","cik":72573,"fy":2026,"cl":1,"nm":0.03955251672103797,"pe":8.925881289545044,"pb":0.4657634393387338,"rg":0.027445062429405337,"rev":671310000.0,"mdp":23.37488272349551},{"name":"Argan, Inc.","cik":100591,"fy":2026,"cl":1,"nm":0.14585340342957806,"pe":20.527680650921074,"pb":6.118133599560422,"rg":0.08056359166715284,"rev":944606000.0,"mdp":37.43197962739579},{"name":"VIRCO MFG. CORPORATION","cik":751365,"fy":2026,"cl":1,"nm":0.01286238054214333,"pe":39.33021806853583,"pb":0.9534508312014425,"rg":-0.2501051682692308,"rev":199652000.0,"mdp":60.15949604610642},{"name":"LAKELAND INDUSTRIES, INC","cik":798081,"fy":2026,"cl":1,"nm":-0.13138470163199203,"pe":null,"pb":1.0253471388632895,"rg":0.15212515922995495,"rev":192648000.0,"mdp":73.124246079614},{"name":"SIGNET JEWELERS LIMITED","cik":832988,"fy":2026,"cl":1,"nm":0.04320770224257368,"pe":10.37411860054348,"pb":1.55332138948225,"rg":0.01637877024970912,"rev":6813600000.0,"mdp":39.258812491623104},{"name":"URBAN OUTFITTERS, INC.","cik":912615,"fy":2026,"cl":1,"nm":0.07540805297195174,"pe":10.387159720295363,"pb":1.7153447978838392,"rg":0.11074526912626341,"rev":6165376000.0,"mdp":17.149175713711298},{"name":"MIND TECHNOLOGY, INC","cik":926423,"fy":2026,"cl":1,"nm":0.01831636017290644,"pe":98.29512,"pb":1.7799777868990994,"rg":-0.12624031752128545,"rev":40947000.0,"mdp":18.69320466425412},{"name":"IRIDEX CORP","cik":1006045,"fy":2026,"cl":1,"nm":-0.08423350735643094,"pe":null,"pb":2.893273466070703,"rg":0.08231112206948982,"rev":52675000.0,"mdp":89.68368851360408},{"name":"HELIOS TECHNOLOGIES, INC.","cik":1024795,"fy":2026,"cl":1,"nm":0.05768772348033373,"pe":22.97301555785124,"pb":1.193659638217928,"rg":0.04107209331182529,"rev":839000000.0,"mdp":26.38520305589063},{"name":"BlackBerry Limited","cik":1070235,"fy":2026,"cl":1,"nm":0.09688581314878893,"pe":43.233082706766915,"pb":3.0831099195710454,"rg":0.026547018134230698,"rev":549100000.0,"mdp":21.576196220345796},{"name":"HOOKER FURNISHINGS CORPORATION","cik":1077688,"fy":2026,"cl":1,"nm":-0.0969551195625209,"pe":null,"pb":0.5607355148249252,"rg":-0.3002176292252148,"rev":278139000.0,"mdp":47.015145422865565},{"name":"BUILD-A-BEAR WORKSHOP, INC.","cik":1113809,"fy":2026,"cl":1,"nm":0.09852745776019568,"pe":12.441813688868455,"pb":4.189565755863457,"rg":0.0899336369658146,"rev":529832000.0,"mdp":50.08443908323281},{"name":"ZUMIEZ INC","cik":1318008,"fy":2026,"cl":1,"nm":0.014398470707394702,"pe":13.238273753457428,"pb":0.5460887429267466,"rg":0.06119001331831691,"rev":929057000.0,"mdp":8.501541348344725},{"name":"VERA BRADLEY, INC.","cik":1495320,"fy":2026,"cl":1,"nm":-0.17741450986645702,"pe":null,"pb":0.30047681917972635,"rg":-0.27506741189406586,"rev":269651000.0,"mdp":10.997185363892239},{"name":"Sprinklr, Inc.","cik":1569345,"fy":2026,"cl":1,"nm":0.02672071861875875,"pe":48.024448810303426,"pb":1.8560921161643689,"rg":0.07635165508529698,"rev":857200000.0,"mdp":57.31135236563464},{"name":"SENTINELONE, INC.","cik":1583708,"fy":2026,"cl":1,"nm":-0.45015969590862875,"pe":null,"pb":3.5487024621732672,"rg":0.21889901042167553,"rev":1001278000.0,"mdp":45.826296743063935},{"name":"Zoom Communications, Inc.","cik":1585521,"fy":2026,"cl":1,"nm":0.39027277736939253,"pe":10.420240949652342,"pb":2.018707093553208,"rg":0.04358352161524986,"rev":4868769000.0,"mdp":51.56279319126122},{"name":"ServiceTitan, Inc.","cik":1638826,"fy":2026,"cl":1,"nm":-0.16634632895058613,"pe":null,"pb":3.9643753024126136,"rg":0.2449700600353942,"rev":960965000.0,"mdp":32.125720412813294},{"name":"NAVAN, INC.","cik":1639723,"fy":2026,"cl":1,"nm":-0.566780346450414,"pe":null,"pb":1.158881877653529,"rg":null,"rev":702265000.0,"mdp":39.27221552070768},{"name":"SNOWFLAKE INC.","cik":1640147,"fy":2026,"cl":1,"nm":-0.28429362763789334,"pe":null,"pb":38.19963806492587,"rg":0.2916256250006894,"rev":4683946000.0,"mdp":83.71129875351829},{"name":"SAMSARA INC.","cik":1642896,"fy":2026,"cl":1,"nm":-0.005632523700525443,"pe":null,"pb":8.931202642548437,"rg":0.2957383091084767,"rev":1618635000.0,"mdp":55.02479560380647},{"name":"GITLAB INC.","cik":1653482,"fy":2026,"cl":1,"nm":-0.05857893017763373,"pe":null,"pb":6.427380313081678,"rg":0.2581169023600953,"rev":955224000.0,"mdp":71.92065406781933},{"name":"Okta, Inc.","cik":1660134,"fy":2026,"cl":1,"nm":0.08050702295306612,"pe":69.7872340425532,"pb":2.3431918845549364,"rg":0.11839080459770115,"rev":2919000000.0,"mdp":83.6952151186168},{"name":"Braze, Inc.","cik":1676238,"fy":2026,"cl":1,"nm":-0.17785180348477747,"pe":null,"pb":4.328539342414715,"rg":0.24396622908275897,"rev":738182000.0,