{"year":2025,"n":29,"dots":{"x":[9.750935554504395,3.631741523742676,9.560222625732422,6.434082508087158,2.560490369796753,9.662718772888184,9.636295318603516,3.3827390670776367,5.889769554138184,9.379945755004883,5.67764949798584,6.7145161628723145,4.033260345458984,6.666234970092773,2.8219141960144043,9.645748138427734,6.64835262298584,9.576193809509277,9.489984512329102,6.273190975189209,6.332055568695068,9.535614967346191,6.316321849822998,6.330201625823975,6.326505184173584,6.316539764404297,6.336633205413818,6.315672874450684,6.316728115081787],"y":[6.914167881011963,3.42661714553833,6.764216899871826,-3.8559515476226807,2.8256030082702637,6.597475528717041,6.977757453918457,-3.990277051925659,-3.807473659515381,6.997410297393799,-3.7808945178985596,-3.7994368076324463,-4.693931579589844,-3.8729493618011475,2.863093614578247,6.677855014801025,-3.871999740600586,6.900540828704834,6.226895809173584,3.0127992630004883,2.977004289627075,6.521783351898193,2.982271671295166,2.9745445251464844,2.9723360538482666,2.9771625995635986,2.974508762359619,2.9724574089050293,2.972567081451416],"z":[1.2241650236367205,0.42286081488723526,0.8287186238988835,0.20000516339239727,1.0624233722929926,0.5793816073150686,0.39415899505283924,1.3217125546532298,0.6898536284757714,0.7465090685483071,0.5749850974491748,0.4786801998260206,1.3390290857215252,1.5109384854286823,1.8650291644937944,1.7329088329209155,0.5307715957446282,0.9751294932036002,1.6904981439984603,0.729549536211366,1.776000043691534,1.128006564462763,1.7200621903293718,1.4475095508526186,2.348781709274738,1.9076019241209092,1.7536719921587873,1.4934059338093753,1.451329963910264],"color":[0.3245893531786603,0.9790190670044899,0.21837297316004045,0.42587083294849387,0.3821779471396317,0.14422432308775862,0.3521007931102546,0.9201951709049753,0.5445394432787637,0.6335161237131732,0.4070941222878476,0.5848072667762955,0.11926632615425134,0.03464752519741569,0.3150743068188322,0.12220750681279981,0.26972554976637364,0.3194540167803277,0.8303925826844285,0.8022978463466824,0.7257446683551935,0.32662135097220957,0.7968719786915649,0.9741342819563654,0.9466767587718791,0.9822913974885773,0.930692472956211,0.9317941078307984,0.9771041792492434],"size":[7.0,4.771370586371818,5.178812618478318,5.876276231651582,7.0,6.051419201329132,5.187319450688115,3.400776157976489,5.1540214473952215,5.191555044091473,4.290284140679311,4.946011737415645,6.993901472383752,6.380257258674978,3.447810765925719,5.162113680453691,5.522311632550751,4.13536471818798,3.0,3.3789746834051426,3.156584870970394,3.219518316010727,3.0136223086035323,3.703906198097748,3.0,3.504348504673512,3.4786558730630004,3.3726959362682445,3.6946845784751483]},"vertices":[{"name":"GENERAL MILLS INC","cik":40704,"fy":2025,"cl":2,"nm":0.11778350250941673,"pe":15.637417218543046,"pb":3.901534916079659,"rg":8.562567474727647,"rev":19486600000.0,"mdp":80.1192869588527},{"name":"MESABI TRUST","cik":65172,"fy":2025,"cl":2,"nm":0.946027964255746,"pe":2.470932120028034,"pb":9.879847794812353,"rg":3.3126378240531493,"rev":98595651.0,"mdp":93.93915024795604},{"name":"Vaxart, Inc.","cik":72444,"fy":2025,"cl":2,"nm":0.06881538241070902,"pe":6.290984626691983,"pb":1.1698775142941753,"rg":7.266829268292683,"rev":237258000.0,"mdp":36.29272215520707},{"name":"ONITY     GROUP INC.","cik":873860,"fy":2025,"cl":2,"nm":0.17765069841567452,"pe":1.4791259736147757,"pb":0.4463997005892658,"rg":0.09293032786885246,"rev":1066700000.0,"mdp":71.58691864361346},{"name":"EXPAND ENERGY CORPORATION","cik":895126,"fy":2025,"cl":2,"nm":0.1500329924117453,"pe":10.775151181968114,"pb":1.0550113036925395,"rg":1.8628099173553718,"rev":12124000000.0,"mdp":77.00308269668945},{"name":"Immersion Corporation","cik":1058811,"fy":2025,"cl":2,"nm":0.04131691728646756,"pe":3.543085293385601,"pb":0.7163596805746888,"rg":44.870338158554205,"rev":1555876000.0,"mdp":96.1318858061922},{"name":"Prairie Operating Co.","cik":1162896,"fy":2025,"cl":2,"nm":0.1326350725021519,"pe":2.3129113912202426,"pb":0.5695209351279924,"rg":29.438090439601964,"rev":241648000.0,"mdp":47.50569628736094},{"name":"PHENIXFIN CORPORATION","cik":1490349,"fy":2025,"cl":2,"nm":0.8084154666605451,"pe":19.57548607092021,"pb":0.5059653564033555,"rg":0.08586248854000753,"rev":5140321.0,"mdp":83.47540544162982},{"name":"NEWTEKONE, INC.","cik":1587987,"fy":2025,"cl":2,"nm":0.2690450572218715,"pe":4.569341618191433,"pb":0.6954750106899414,"rg":0.034981961419525844,"rev":224914000.0,"mdp":90.81892507706742},{"name":"Keros Therapeutics, Inc.","cik":1664710,"fy":2025,"cl":2,"nm":0.3568136338286914,"pe":5.206058795136415,"pb":1.4943984798701555,"rg":67.69408450704225,"rev":243864000.0,"mdp":45.165527409194475},{"name":"FDCTECH, INC.","cik":1722731,"fy":2025,"cl":2,"nm":0.16542684272118063,"pe":3.5073983832198756,"pb":0.9064583559194922,"rg":0.29749721252278544,"rev":34959399.0,"mdp":30.20506634499397},{"name":"Angel Oak Mortgage REIT, Inc.","cik":1766478,"fy":2025,"cl":2,"nm":0.30645644077825346,"pe":2.8098310012720336,"pb":0.46239014963199426,"rg":0.3009046700535195,"rev":143655000.0,"mdp":82.01045436268598},{"name":"CHEWY, INC.","cik":1766502,"fy":2025,"cl":2,"nm":0.033107669479736625,"pe":20.37178507766743,"pb":30.592734225621413,"rg":0.0640112955833121,"rev":11861300000.0,"mdp":69.08055220479828},{"name":"UWM HOLDINGS CORPORATION","cik":1783398,"fy":2025,"cl":2,"nm":0.008662997074260995,"pe":30.264847187728268,"pb":0.5199776836390402,"rg":0.4607302983651547,"rev":3160569000.0,"mdp":90.71036054148237},{"name":"Bioscience Health     Innovations, Inc","cik":1784440,"fy":2025,"cl":2,"nm":0.11287079318588004,"pe":68.39575760407419,"pb":29.72675840875092,"rg":2.083372268106838,"rev":5688717.0,"mdp":40.99182415225841},{"name":"Talkspace, Inc.","cik":1803901,"fy":2025,"cl":2,"nm":0.034049748548308875,"pe":50.45553702040293,"pb":3.3602529590223478,"rg":7.292427536231884,"rev":228871000.0,"mdp":43.79171692802573},{"name":"FINANCE OF AMERICA COMPANIES INC.","cik":1828937,"fy":2025,"cl":2,"nm":0.09093705270268097,"pe":3.167900961644744,"pb":0.36220985928665134,"rg":0.470948129792324,"rev":497432000.0,"mdp":76.60903364160299},{"name":"AleAnna, Inc.","cik":1845123,"fy":2025,"cl":2,"nm":0.115118160891369,"pe":8.813116137440199,"pb":0.43285571170664405,"rg":16.630428230389498,"rev":25035737.0,"mdp":20.14475271411339},{"name":"ASPAC III Acquisition Corp.","cik":1890361,"fy":2025,"cl":2,"nm":0.6324277011908039,"pe":45.7612779227505,"pb":146.5119437012967,"rg":4.891043820327509,"rev":2125035.0,"mdp":98.7883661707546},{"name":"RUBBER LEAF INC","cik":1893657,"fy":2025,"cl":2,"nm":0.5847106902991428,"pe":5.0066765609678185,"pb":49.98282308543896,"rg":-0.29226708896452464,"rev":4904381.0,"mdp":56.22034579815038},{"name":"FG Merger II Corp.","cik":1906364,"fy":2025,"cl":2,"nm":0.4698823269083351,"pe":55.71858049867552,"pb":204.11650993892624,"rg":null,"rev":3036888.0,"mdp":88.61278648974668},{"name":"GMTECH INC.","cik":2000762,"fy":2025,"cl":2,"nm":0.11884724597445225,"pe":12.531601166067908,"pb":9.881064789645865,"rg":64.87189393939394,"rev":3478036.0,"mdp":17.383728722691327},{"name":"Columbus Acquisition Corp/Cayman Islands","cik":2028201,"fy":2025,"cl":2,"nm":0.5758598531458566,"pe":48.98489599950198,"pb":351.20900701860097,"rg":null,"rev":2231602.0,"mdp":71.62444712505027},{"name":"ALDEL FINANCIAL II\u00a0INC.","cik":2031561,"fy":2025,"cl":2,"nm":0.9338471041026554,"pe":26.152279606858407,"pb":370.3123872847186,"rg":null,"rev":9879114.0,"mdp":7.823348076665326},{"name":"CANTOR EQUITY PARTNERS V, INC.","cik":2034266,"fy":2025,"cl":2,"nm":0.8679707895293869,"pe":208.34434125226085,"pb":808.4892953241371,"rg":null,"rev":1417300.0,"mdp":4.924272885672162},{"name":"CANTOR EQUITY PARTNERS IV, INC.","cik":2034267,"fy":2025,"cl":2,"nm":0.9542681247266915,"pe":75.4400424525548,"pb":3248.1164996735033,"rg":null,"rev":6425890.0,"mdp":31.414019568422464},{"name":"Renatus Tactical Acquisition Corp I","cik":2035173,"fy":2025,"cl":2,"nm":0.8315718002507343,