{"year":2019,"n":55,"dots":{"x":[9.36052131652832,9.356252670288086,6.335961818695068,2.6538755893707275,6.64804744720459,9.464804649353027,9.379985809326172,9.364985466003418,4.025196075439453,4.93308687210083,9.471841812133789,9.31830883026123,9.401529312133789,9.342403411865234,9.581955909729004,9.343344688415527,9.477006912231445,8.370031356811523,9.386019706726074,9.311078071594238,9.55774974822998,2.722020387649536,2.970574378967285,9.369762420654297,3.0193655490875244,7.407029628753662,6.925568103790283,5.619908809661865,9.308125495910645,9.361042976379395,4.013055324554443,4.080086708068848,3.9659759998321533,3.3628268241882324,6.399191379547119,2.732395887374878,2.5808980464935303,4.968804359436035,2.138883352279663,2.52152156829834,5.488229274749756,9.258712768554688,3.3442704677581787,2.215183734893799,6.258375644683838,2.4809648990631104,7.798537254333496,4.011911869049072,9.611266136169434,2.593130111694336,9.467194557189941,2.6797609329223633,3.1309471130371094,9.286773681640625,2.7803118228912354],"y":[7.0019755363464355,6.993803977966309,2.968215227127075,2.7508413791656494,-3.883824110031128,6.884252071380615,7.012758731842041,6.932325839996338,-4.664732933044434,-3.767832040786743,6.832345485687256,7.002872467041016,6.492135524749756,6.945774078369141,6.804451942443848,6.763447284698486,6.849501609802246,-4.002737045288086,6.911551475524902,6.973609924316406,6.77982234954834,2.904801368713379,3.0357227325439453,6.997377395629883,3.0509543418884277,2.3487870693206787,3.0261149406433105,-3.7749056816101074,6.982445240020752,6.950934410095215,-3.8667078018188477,-3.834017753601074,3.6672611236572266,3.2458224296569824,-3.838261842727661,2.951162099838257,2.789811611175537,-3.8185677528381348,2.585340976715088,2.7449357509613037,2.932311534881592,6.953942775726318,3.1907291412353516,2.6169345378875732,-5.034432888031006,2.6105117797851562,-4.0021491050720215,-4.317074775695801,6.9741902351379395,2.8427135944366455,6.818024158477783,2.8935725688934326,3.1614279747009277,6.5741987228393555,2.9486377239227295],"z":[0.9971556470165451,1.0305349723606707,0.9182267137718583,1.583217750320899,0.40780515275039175,0.9587659256233367,1.1661292224125432,1.1648187210563108,0.40827479434590896,0.0720861848842659,1.082398065003382,1.1428059530068453,1.508733841125119,1.0805838933474137,1.3745745871081234,0.9646402112738879,1.1472473675430548,0.09380745232395153,1.0017667775898877,1.4281006698637102,1.2245627939923358,0.8891141959509862,1.44501649632686,1.0475535011726451,1.1061393889090823,0.158987045709374,0.14197352062906213,0.7784658059743239,0.9869052808712688,1.085466267886908,1.153826795539732,0.9763745430720202,1.0131146693869508,1.9608488650745215,1.400948372675086,0.32726890074792236,0.6684686956339687,-0.2161622798569542,1.2042260680968755,0.7415329431899776,1.9269689103207193,0.5063363376762487,1.7149474671124352,0.6607607624181954,1.749032840856457,1.7140902690067075,0.5838236917619795,1.3631006139535864,0.7588906184927359,0.4092107274059028,1.6027866277698886,1.7007870842200765,0.7748171973615183,1.9803558654558697,1.0945164840053627],"color":[0.5511361120301855,0.6036894112286744,0.9858568441415048,0.5057739823935216,0.1357814791383809,0.4228844001810878,0.5880470399824167,0.5736869324850951,0.78457636260826,0.16079855491523673,0.6188472205159954,0.6749033289827508,0.45403384607608294,0.6097241434069711,0.30329627067185183,0.7833094235497409,0.44902798512736525,0.13846928687975374,0.4723007748794302,0.6734379343468861,0.30974835728856775,0.4571664560235248,0.4793038089262238,0.5710282532621443,0.10866521870140998,0.47229769032757385,0.5367836881406022,0.5495453052661479,0.7423142519738238,0.5731326120740039,0.2970932938860003,0.5644871469381327,0.6044204004480725,0.4165379090004893,0.008707175068727382,0.6405410523168327,0.5633889267181706,0.6264056518375763,0.509804312959406,0.7520922602281331,0.921443848192135,0.9253508930697869,0.16627796674038844,0.4638868599427228,0.18428517915278167,0.08823788950692801,0.6407153253785159,0.22108760947105538,0.25305792600693455,0.5102843307375889,0.4990038970009074,0.7646165103607048,0.7959670473648747,0.7541341834484967,0.1199958250795436],"size":[6.947513150531217,5.780086038953647,4.725966329478037,4.229307577669444,5.78046911262417,5.086493870129122,5.685143120363122,4.5651910700171285,3.0,6.161335871743395,4.95332473278276,5.618960766940868,3.1840865145281088,6.60898731475867,5.926648664827777,3.1776064384993887,4.933928522885469,5.803458322032309,4.624445816836701,5.47579394881551,4.029795576380461,6.099947868602201,6.816186906280333,6.683417869570585,7.0,3.0650814703642735,5.8385311227636745,4.550304601012485,6.397485958625032,4.9577561936472145,6.736355551366499,5.51225731454014,4.433547794978899,5.431973174867393,6.742524013283233,7.0,4.634861053223353,4.649302864646881,5.9521503220110334,4.95778142077451,3.0,6.5942138218904045,5.527839151050711,6.513991856601008,3.46822016447032,5.033787652064458,5.610090200193548,3.0,6.102112373611025,6.965168571167922,5.793908475884886,4.69228918036178,3.7094554202118624,3.1871475373336686,7.0]},"vertices":[{"name":"SYNOVUS FINANCIAL CORP","cik":18349,"fy":2019,"cl":2,"nm":0.2749290708550217,"pe":9.271620499130867,"pb":1.0577665140872858,"rg":8.194366727644464,"rev":2050638000.0,"mdp":59.34459187776437},{"name":"1st Source Corp","cik":34782,"fy":2019,"cl":2,"nm":0.32528272005147113,"pe":10.012325783839591,"pb":1.1122899187107695,"rg":7.897461705406851,"rev":282877000.0,"mdp":4.382790510655408},{"name":"MESABI TRUST","cik":65172,"fy":2019,"cl":2,"nm":0.9633203023696676,"pe":7.730840511051988,"pb":20.957762584248243,"rg":0.37101597415192716,"rev":47293765.0,"mdp":94.74467229593888},{"name":"PURE CYCLE CORPORATION","cik":276720,"fy":2019,"cl":2,"nm":0.23628641668945066,"pe":35.74520156104115,"pb":2.301255576975601,"rg":1.9258408905967483,"rev":20361509.0,"mdp":24.80096501809409},{"name":"SECURITY NATIONAL FINANCIAL CORPORATION","cik":318673,"fy":2019,"cl":2,"nm":0.038484714227427996,"pe":2.386740226000432,"pb":0.1321738601739342,"rg":0.012310345007757652,"rev":283060930.0,"mdp":34.36536657284546},{"name":"FONAR CORPORATION","cik":355019,"fy":2019,"cl":2,"nm":0.17566950157298955,"pe":8.487229103152542,"pb":1.1211112509912995,"rg":95.74661525658807,"rev":87192887.0,"mdp":13.1805388017692},{"name":"SOUTHSIDE BANCSHARES, INC.","cik":705432,"fy":2019,"cl":2,"nm":0.30962635025977314,"pe":13.681358478418328,"pb":1.2677421760421586,"rg":79.26233333333333,"rev":240787000.0,"mdp":21.166063530357864},{"name":"Union Bankshares, Inc.","cik":706863,"fy":2019,"cl":2,"nm":0.295761346591856,"pe":13.640136645379414,"pb":2.0216329357070277,"rg":159.0088888888889,"rev":36002000.0,"mdp":4.026269937005764},{"name":"THUNDER MOUNTAIN GOLD, INC.","cik":711034,"fy":2019,"cl":2,"nm":0.5562239625705716,"pe":2.389322618420121,"pb":4.092333822280553,"rg":null,"rev":1954398.0,"mdp":94.65755260688915},{"name":"SORL Auto Parts, Inc.","cik":714284,"fy":2019,"cl":2,"nm":0.04704641433124678,"pe":1.1017579295387243,"pb":0.14095818653104555,"rg":0.15412581452371876,"rev":540188479.0,"mdp":57.64106688111513},{"name":"ACNB CORPORATION","cik":715579,"fy":2019,"cl":2,"nm":0.341024756318468,"pe":11.282310948105055,"pb":1.4121641338989848,"rg":529.9770992366413,"rev":69558000.0,"mdp":60.30960997185364},{"name":"LAKELAND FINANCIAL CORP","cik":721994,"fy":2019,"cl":2,"nm":0.40447469913108125,"pe":12.965998081496203,"pb":1.8873419301651642,"rg":217.48730964467006,"rev":215210000.0,"mdp":7.6169414287629005},{"name":"CCUR HOLDINGS, INC.","cik":749038,"fy":2019,"cl":2,"nm":0.1970486111111111,"pe":30.111600587371512,"pb":0.39166475666590267,"rg":47.67605633802817,"rev":3456000.0,"mdp":43.92038600723764},{"name":"WEBSTER FINANCIAL CORPORATION","cik":801337,"fy":2019,"cl":2,"nm":0.33148158252806426,"pe":11.235279823789007,"pb":1.3404951103102778,"rg":4.753554289814773,"rev":1154583000.0,"mdp":99.58182549256132},{"name":"MGP Ingredients, Inc.","cik":835011,"fy":2019,"cl":2,"nm":0.10694289376834967,