{"year":2026,"n":23,"dots":{"x":[-7.403215408325195,-3.1499297618865967,-2.6665749549865723,-5.366300106048584,-5.356912612915039,-2.9469692707061768,-5.085207939147949,-4.718595027923584,-1.2706223726272583,-0.38021308183670044,-3.2735555171966553,-2.8738696575164795,-3.5650086402893066,-4.582380771636963,-0.8544508814811707,-4.010954856872559,-3.662473440170288,-3.9359776973724365,-7.7275590896606445,-0.842776894569397,-1.8884716033935547,-1.2113264799118042,-0.47324806451797485],"y":[0.6554722785949707,2.9749255180358887,1.1264970302581787,0.6681051254272461,0.6838327646255493,2.5954978466033936,0.40103769302368164,1.4473180770874023,0.007393941283226013,1.5938700437545776,2.6348156929016113,4.894870758056641,-0.32033786177635193,0.2075365036725998,0.42185765504837036,3.789006471633911,3.409515619277954,0.5090107917785645,1.6624349355697632,7.252535343170166,6.964470386505127,1.153314471244812,0.8645706176757812],"z":[1.313701986344689,1.460763638125405,1.4362393805936948,1.2826521481605242,1.4362393805936948,1.5833484602641967,1.0765692561837528,1.7887934034022255,1.0413153542463196,1.5526363318620586,1.6653009244666415,1.5939101042447166,1.6280746807687,1.883871964321762,1.8016203433898332,0.9371465715116696,1.1750869776921444,1.305817009096845,1.4362393805936948,1.4362393805936948,0.2214474924341364,1.4104652796784445,1.4362393805936948],"color":[0.02211800341168079,0.1710393271731854,-0.13568972589569725,0.11164899166562789,0.2698683650723877,0.07353475943061227,0.09519125149890294,0.391982728833154,0.24689079886281484,0.784450118619593,0.02080629323217406,0.03805630615825438,0.08838554722698419,0.22749880942645154,0.11192105641537119,0.6290923849820967,0.1671349922543935,0.25610681109922,-0.1061806913305848,-0.7711723066929131,0.273092480594891,0.6042321207450022,-0.5399756187217009],"size":[4.428569327601663,4.914075966264399,3.931869595536362,7.0,6.323070809737894,3.7843240803602756,6.104568508598982,5.068612067723489,3.0,7.0,5.173050074127049,5.823195496773517,3.1381896023744926,5.234941771899246,3.0,3.4851547404503886,5.073180678936242,3.4273354911543903,3.5663397186104255,3.378659827084464,4.42786708856861,5.144484335306805,4.065232199684772]},"vertices":[{"name":"Genesco Inc.","cik":18498,"fy":2026,"cl":0,"nm":0.005446829681588903,"pe":19.217725525661315,"pb":0.44970055233809014,"rg":0.04775528566550053,"rev":2436096000.0,"mdp":20.006701514542286},{"name":"Dycom Industries, Inc.","cik":67215,"fy":2026,"cl":0,"nm":0.05070203061281896,"pe":26.962716052192654,"pb":4.078033647888051,"rg":0.17947585864270077,"rev":5545912000.0,"mdp":24.24741991690122},{"name":"SEMTECH CORPORATION","cik":88941,"fy":2026,"cl":0,"nm":-0.03845424891068835,"pe":null,"pb":7.276458111249768,"rg":0.15472342615697793,"rev":1049975000.0,"mdp":10.873877496314167},{"name":"Walmart Inc.","cik":104169,"fy":2026,"cl":0,"nm":0.03069845182658102,"pe":17.89172227342073,"pb":3.932094679944186,"rg":0.04725214211766779,"rev":713163000000.0,"mdp":81.21431443506233},{"name":"The TJX Companies, Inc.","cik":109198,"fy":2026,"cl":0,"nm":0.09100245146756775,"pe":25.482344375682562,"pb":13.738959764474975,"rg":0.07118523775727466,"rev":60372000000.0,"mdp":85.86784613322611},{"name":"SUNOPTA INC.","cik":351834,"fy":2026,"cl":0,"nm":0.019283002023932544,"pe":35.755961440892946,"pb":3.300994748151314,"rg":0.12986508743616387,"rev":817715000.0,"mdp":58.04315775365233},{"name":"BEST BUY CO., INC.","cik":764478,"fy":2026,"cl":0,"nm":0.02564102564102564,"pe":11.131898971000936,"pb":4.014844804318488,"rg":0.003925062608360624,"rev":41691000000.0,"mdp":55.98177188044499},{"name":"AUTODESK, INC.","cik":769397,"fy":2026,"cl":0,"nm":0.1559811268387455,"pe":57.38434163701068,"pb":21.182266009852217,"rg":0.17533844397325068,"rev":7206000000.0,"mdp":54.58383594692401},{"name":"Perma-Pipe International Holdings, Inc.","cik":914122,"fy":2026,"cl":0,"nm":0.08076330449211805,"pe":10.263969533313766,"pb":1.9290664070257508,"rg":0.33173174057985655,"rev":210925000.0,"mdp":65.9308403699236},{"name":"NVIDIA CORP","cik":1045810,"fy":2026,"cl":0,"nm":0.5560253406070261,"pe":33.314732607627406,"pb":25.430248008493702,"rg":0.654735357900948,"rev":215938000000.0,"mdp":96.76986999061789},{"name":"ADVANCE AUTO PARTS, INC.","cik":1158449,"fy":2026,"cl":0,"nm":0.005115684222764795,"pe":43.18181818181818,"pb":0.8644222020018199,"rg":-0.05424557529105782,"rev":8601000000.0,"mdp":74.72858866103739},{"name":"CARMAX, INC.","cik":1170010,"fy":2026,"cl":0,"nm":0.0095548374605422,"pe":36.63617326216183,"pb":1.5384582822198403,"rg":-0.01792135517894831,"rev":25881131000.0,"mdp":43.93244873341375},{"name":"OOMA, INC.","cik":1327688,"fy":2026,"cl":0,"nm":0.023607283572488504,"pe":39.63461836197554,"pb":2.7551767187567267,"rg":0.06521265164374815,"rev":273602000.0,"mdp":61.533306527275165},{"name":"WORKDAY, INC.","cik":1327811,"fy":2026,"cl":0,"nm":0.07255025125628141,"pe":71.42857142857143,"pb":6.342088404868674,"rg":0.1309495619228037,"rev":9552000000.0,"mdp":71.01326899879373},{"name":"Mama's Creations, Inc.","cik":1520358,"fy":2026,"cl":0,"nm":0.03078374506446766,"pe":59.1044721906924,"pb":5.937404789053592,"rg":0.3923358847950182,"rev":171714000.0,"mdp":11.507840772014475},{"name":"PAGERDUTY, INC.","cik":1568100,"fy":2026,"cl":0,"nm":0.3519935193870217,"pe":8.075075127038236,"pb":5.520657115929856,"rg":0.05357658519055656,"rev":492546000.0,"mdp":64.49403565205736},{"name":"Science Applications International Corporation","cik":1571123,"fy":2026,"cl":0,"nm":0.049297714128339304,"pe":13.966480446927374,"pb":3.3333333333333335,"rg":-0.02901457414092793,"rev":7262000000.0,"mdp":38.368851360407454},{"name":"YEXT, INC.","cik":1614178,"fy":2026,"cl":0,"nm":0.0848024649614066,"pe":18.871960074991417,"pb":4.483098211653421,"rg":0.06086607420710429,"rev":446579000.0,"mdp":65.09181074922932},{"name":"Duluth Holdings Inc.","cik":1649744,"fy":2026,"cl":0,"nm":-0.02899586683274827,"pe":null,"pb":0.17517591567883625,"rg":-0.12602349535551532,"rev":565184000.0,"mdp":21.609703793057232},{"name":"ChargePoint Holdings, Inc.","cik":1777393,"fy":2026,"cl":0,"nm":-0.5354672879014843,"pe":null,"pb":9.958214000657307,"rg":-0.014047563674376562,"rev":411224000.0,"mdp":9.199839163650985},{"name":"Aveanna Healthcare Holdings Inc.","cik":1832332,"fy":2026,"cl":0,"nm":0.09248483169687313,"pe":1.5539873974599394,"pb":1.7983040301140074,"rg":0.20187295073464837,"rev":2433199000.0,"mdp":72.10561586918644},{"name":"Marvell Technology, Inc.","cik":1835632,"fy":2026,"cl":0,"nm":0.3258365264930564,"pe":24.01404276356691,"pb":4.481276423848928,"rg":0.42087285211450765,"rev":8194600000.0,"mdp":33.62283876156012},{"name":"RUBRIK, INC.","cik":1943896,"fy":2026,"cl":0,"nm":-0.265028403932256,"pe":null,"pb":null,"rg":0.48463133245501633,"rev":1316191000.0,"mdp":97.20412813295805}]}