{"year":2024,"n":36,"dots":{"x":[3.1737313270568848,9.568962097167969,3.0591065883636475,2.5895042419433594,5.347860813140869,9.347965240478516,2.8540472984313965,4.06708288192749,6.995835781097412,9.072578430175781,9.22693920135498,11.576703071594238,9.484488487243652,2.376063108444214,2.0249338150024414,3.8027210235595703,9.265364646911621,9.706287384033203,9.441130638122559,9.61826229095459,3.9868404865264893,3.293748140335083,9.604491233825684,4.479238986968994,3.260648727416992,9.397068977355957,11.710657119750977,2.0699875354766846,4.484981060028076,10.006620407104492,4.498331546783447,6.806906223297119,11.63683032989502,6.3150634765625,9.417169570922852,5.570062637329102],"y":[3.1624648571014404,6.9592156410217285,3.0915393829345703,2.812481641769409,-3.7650320529937744,7.005557060241699,2.981011390686035,-4.900205612182617,-3.946225881576538,-4.015811920166016,6.600923538208008,-4.176321983337402,6.727875709533691,2.719343662261963,2.5692386627197266,-3.596386194229126,6.97438907623291,6.393887042999268,6.989071846008301,6.636701583862305,-4.759376049041748,3.2417566776275635,6.7507805824279785,-3.7781612873077393,3.2129783630371094,6.903531551361084,-4.140761852264404,2.5486910343170166,-3.8192896842956543,-4.123173236846924,-3.8052186965942383,-3.8758015632629395,-4.158025741577148,2.9746618270874023,6.422037124633789,-3.80812406539917],"z":[1.0880804954723913,1.0020963792327986,1.0649775835555713,1.1628108885512365,1.050745384494711,1.0134708838711122,-0.24570614639009644,0.40437144631213817,0.7419238312251056,1.226203995488768,0.7644975787332822,0.7152185438603078,1.5722201119231565,0.4904407967942841,0.7795750340895964,0.9994390580060054,0.8914005037727811,1.5122522441421147,0.8924542718209981,1.9423933559313002,2.049391717383776,0.7952425662818638,1.7954977031350827,1.294317973785746,0.4726655394165107,1.742592642857194,0.7598712037506975,0.7934027943456375,0.8073952980919867,1.6889081710240905,1.8448316722927258,0.3412769231413828,0.24483837665561964,1.5250661001005348,-0.15409871469478456,0.7826331873598156],"color":[0.38390635054339695,0.48759884420456406,0.5139527543915009,0.9301422196244576,0.13676341918197052,0.5747435051941989,0.7997914391902052,0.5672176819240271,0.12432959920340982,0.18847735481030228,0.9011155386194897,0.00542835452572789,0.517358319687093,0.7390373495980017,0.1413287998174077,0.29799563465452045,0.8309695665082407,0.3937693777566923,0.44327886968799446,0.02555203200991182,0.11019584033892164,0.7323351014644375,0.2670477803700117,0.26845067343295775,0.7323800903910664,0.5852619304759736,0.012206119487779938,0.3926505025643972,0.5345996202414809,0.026877416956764533,0.22394585414292534,0.2731928906592166,0.1572466222923368,0.8789645078078085,0.527895261152292,0.06861044594424189],"size":[7.0,7.0,6.999826359138827,3.9494691287159798,3.360378365782078,6.871189976340968,4.759980619713245,3.709539712102155,6.26828302009574,6.248452494175754,3.0,6.721416056561241,3.159758611881455,3.3800718657663054,5.103758340800392,4.629064377744102,5.768308664133188,4.5124145677593255,5.2404475744347625,3.346779183027162,6.178530980056216,6.745975087149261,4.790046631901693,4.284464427883984,3.118071680653297,5.5197569478156066,4.050939416860558,5.179927340908131,4.9222612659618825,6.760034262731583,5.73729472963448,6.313255821484118,5.613582479640598,3.0,4.1406239293870755,4.289132066935549]},"vertices":[{"name":"SYNOVUS FINANCIAL CORP","cik":18349,"fy":2024,"cl":2,"nm":0.1510714121322437,"pe":11.430901842639804,"pb":1.0515574343076068,"rg":2.6075927346338457,"rev":3193589000.0,"mdp":75.86650583031765},{"name":"Fifth Third Bancorp","cik":35527,"fy":2024,"cl":2,"nm":0.22194513715710723,"pe":9.377700950734658,"pb":1.1046067701705269,"rg":17.069324090121317,"rev":10426000000.0,"mdp":74.94571773220748},{"name":"FIRST HORIZON CORP","cik":36966,"fy":2024,"cl":2,"nm":0.24294670846394983,"pe":10.838709677419354,"pb":0.9528130671506352,"rg":2.441208198489752,"rev":3190000000.0,"mdp":72.77308671759818},{"name":"MESABI TRUST","cik":65172,"fy":2024,"cl":2,"nm":0.8303434485189394,"pe":13.577221042708194,"pb":12.287921571559025,"rg":1.9529973880046614,"rev":22862029.0,"mdp":86.8918375552875},{"name":"TEL-INSTRUMENT ELECTRONICS CORP.","cik":96885,"fy":2024,"cl":2,"nm":0.038811173053461726,"pe":10.489272896917438,"pb":0.523254037606657,"rg":0.020614849202719866,"rev":8809087.0,"mdp":52.81865701648572},{"name":"WEBSTER FINANCIAL CORPORATION","cik":801337,"fy":2024,"cl":2,"nm":0.29676529927583284,"pe":9.626554721109603,"pb":0.8102295643132855,"rg":10.097864646706997,"rev":2590286000.0,"mdp":50.318992092212845},{"name":"UTG, INC.","cik":832480,"fy":2024,"cl":2,"nm":0.5806078508888463,"pe":0.5300219476014074,"pb":0.12435289845153714,"rg":2.3403748337899026,"rev":84913621.0,"mdp":60.73046508510923},{"name":"KonaTel, Inc.","cik":845819,"fy":2024,"cl":2,"nm":0.2896694377198692,"pe":2.367944102833827,"pb":4.234297391333433,"rg":-0.14928292730171544,"rev":15503251.0,"mdp":99.87937273823884},{"name":"ONITY     GROUP INC.","cik":873860,"fy":2024,"cl":2,"nm":0.03473360655737705,"pe":5.151382890855457,"pb":0.3942918943328065,"rg":-0.08502859285647324,"rev":976000000.0,"mdp":43.900281463610774},{"name":"REDWOOD TRUST, INC.","cik":930236,"fy":2024,"cl":2,"nm":0.05713717407772619,"pe":15.711006036589882,"pb":0.7142719067771284,"rg":0.3046426175562003,"rev":945164000.0,"mdp":59.308403699236024},{"name":"GLOBAL TECHNOLOGIES, LTD","cik":932021,"fy":2024,"cl":2,"nm":0.7677909774649352,"pe":5.426222261079868,"pb":2.8754423411601264,"rg":61.216764705882355,"rev":1057685.0,"mdp":52.20479828441228},{"name":"Pyxus International, Inc.","cik":939930,"fy":2024,"cl":2,"nm":0.0013101710700648788,"pe":4.844160720991363,"pb":0.09066374293666189,"rg":0.061454471583351655,"rev":2032559000.0,"mdp":86.46294062458115},{"name":"QDM International Inc.","cik":1094032,"fy":2024,"cl":2,"nm":0.2457587422484596,"pe":34.85139063416804,"pb":15.952885639387237,"rg":91.30457161913323,"rev":6366154.0,"mdp":78.72939284278246},{"name":"PCS Edventures!, Inc.","cik":1122020,"fy":2024,"cl":2,"nm":0.4883396122433137,"pe":2.8869602007390816,"pb":1.6747439234767498,"rg":1.726475981019375,"rev":9094466.0,"mdp":47.088862082830715},{"name":"TSS, INC.","cik":1320760,"fy":2024,"cl":2,"nm":0.040339129495625875,"pe":5.617913319946452,"pb":4.70336929111796,"rg":1.7232853545101932,"rev":148144000.0,"mdp":91.13925747218872},{"name":"Precision BioSciences, Inc.","cik":1357874,"fy":2024,"cl":2,"nm":0.104329218586235,"pe":9.32049672108274,"pb":1.1845441810153743,"rg":0.40981386089847516,"rev":68696000.0,"mdp":37.323415091810745},{"name":"PROTAGONIST THERAPEUTICS,\u00a0INC.","cik":1377121,"fy":2024,"cl":2,"nm":0.6334417505115864,"pe":7.267758768550954,"pb":2.961668604091545,"rg":6.24055,"rev":434433000.0,"mdp":10.037528481436803},{"name":"SARATOGA INVESTMENT CORP.","cik":1377936,"fy":2024,"cl":2,"nm":0.15708015295764127,"pe":30.35653821291552,"pb":0.7325292819666946,"rg":36.91620533333333,"rev":56874308.0,"mdp":23.842648438547112},{"name":"FS BANCORP, INC.","cik":1530249,"fy":2024,"cl":2,"nm":0.1894858713352846,"pe":7.285414601416171,"pb":0.8627208613537007,"rg":39.07740676496097,"rev":184837000.0,"mdp":63.00227851494438},{"name":"TIANCI INTERNATIONAL, INC.","cik":1557798,"fy":2024,"cl":2,"nm":0.006318710170802453,"pe":81.73223140495868,"pb":5.9991022213954395,"rg":18.047510107004946,"rev":8617265.0,"mdp":27.867578072644417},{"name":"RAPID7, INC.","cik":1560327,"fy":2024,"cl":2,"nm":0.030243824991972815,"pe":104.56629428817676,"pb":150.706297103495,"rg":0.08525061494881749,"rev":844007000.0,"mdp":66.9762766385203},{"name":"Talen Energy Corporation","cik":1622536,"fy":2024,"cl":2,"nm":0.4789598108747045,"pe":5.824284304047384,"pb":4.253785147801009,"rg":2.8878676470588234,"rev":2115000000.0,"mdp":90.51467631684761},{"name":"ARS Pharmaceuticals, Inc.","cik":1671858,"fy":2024,"cl":2,"nm":0.0897149715644595,"pe":58.27706926731683,"pb":1.8150452885147081,"rg":2970.633333333333,"rev":89149000.0,