{"year":2022,"n":44,"dots":{"x":[3.186680793762207,4.126272201538086,2.108603000640869,2.500810384750366,9.346330642700195,9.417990684509277,6.906289577484131,4.214561939239502,2.8957486152648926,3.3435778617858887,7.1241912841796875,6.855130195617676,2.7505741119384766,3.8538897037506104,9.317305564880371,3.3058693408966064,2.64123797416687,9.406488418579102,3.0602099895477295,4.0679240226745605,3.9498519897460938,9.528438568115234,3.3478472232818604,2.7192752361297607,9.283084869384766,9.418149948120117,5.716958045959473,5.105221271514893,9.795022010803223,2.7511637210845947,7.1957855224609375,3.482006311416626,9.07582950592041,2.4507343769073486,5.268677711486816,3.303865671157837,9.60692310333252,2.8439829349517822,5.2871503829956055,3.0272181034088135,9.666024208068848,3.7516465187072754,6.312463283538818,6.9355597496032715],"y":[3.2271149158477783,-4.5722880363464355,2.4754676818847656,2.6533946990966797,7.004482269287109,6.897442817687988,-3.9244792461395264,-4.526267051696777,3.017092704772949,3.2364745140075684,2.74044132232666,3.0130155086517334,2.9754505157470703,-5.0079426765441895,6.995450973510742,3.2679691314697266,2.8809168338775635,6.844177722930908,3.1053214073181152,-4.554098129272461,-3.9303481578826904,6.534838676452637,3.298414945602417,2.967282772064209,7.015325546264648,6.483132362365723,-3.7457125186920166,-3.7876462936401367,6.905839443206787,2.963965892791748,2.5616555213928223,-4.025818347930908,6.675420761108398,2.53645658493042,2.9487974643707275,3.2308413982391357,6.753969669342041,3.0341944694519043,2.956883668899536,2.4265921115875244,6.690744400024414,-3.6152074337005615,2.978200674057007,3.0306851863861084],"z":[0.14252647831690485,0.31705962570830204,0.8513075241930105,1.5214524831518428,1.0298294820619636,0.6418198286171186,1.287547045508932,0.3425428961658765,0.7058998600642427,1.2358350763715502,1.2289701473985508,0.8643348983100384,0.4204409737657786,0.8711050825553918,0.9487694106831505,0.9930334344683602,1.14437824210642,2.5040481065334763,0.7726227705214784,1.2641815665985403,0.2812494428970842,0.9031735492586257,0.36512134031496657,1.2492827481668796,1.1640931550735585,2.029387212273093,0.7217769988702256,0.8619143958688318,1.1008770832590455,0.456905691043507,0.4299924424090723,0.17822458333238886,0.30664213582379407,1.104406660040287,1.2347468578640648,0.992173854366557,1.6344226851468933,0.20743555393224558,0.8812301225112511,1.094338406523085,1.5213564487635074,1.1998532803400899,2.1583505975309834,0.6396532931294971],"color":[0.5421408401035185,0.4268204847195736,0.9854564312262213,0.025996354574739245,0.5723734871427703,0.532160609646032,0.0069862013944950434,0.30963324745288917,0.5776527212569541,0.36226694629258277,0.3163300300321503,0.5845162055781391,0.7418632546258689,0.27629212944396814,0.6894363987707006,0.3668944218886325,0.3420533528753223,0.4758588671648572,0.9756740192935359,0.8485067732844139,0.14402661387633678,0.23474997965648936,0.6075007559267558,0.2527236039998531,0.5854175581379384,0.2507752782600926,0.3707119075926698,0.7737020167724314,0.27157604696981236,0.7098742886923588,0.22695120870194355,0.1691862511717529,0.9312360366461769,0.974154659296649,0.911439073671423,0.2834274928138889,0.1560561792824462,0.5919007062603587,0.8240601996182284,0.33646790061325355,0.3278630176998235,0.0729377649674718,0.744245087738016,0.5094493464117482],"size":[6.619039161051683,5.44628354644597,4.8560428796894275,6.4036886808635884,6.533675159392773,3.9672890487736376,3.798931110980356,4.941644398158176,5.090746015224216,5.5312125613065835,7.0,5.5363514064286425,6.576524685991595,4.849295255895271,5.670017212054521,6.59034458929381,6.508789103095978,3.0,4.919016317056446,3.5128420873437936,5.422831801419138,5.269405468944508,7.0,6.472998056041363,5.126326556568731,3.08507678105947,3.60793179155453,4.756826185598251,7.0,6.244219822591347,3.330723655310168,6.482692748973241,5.482597319209692,3.0,4.087596294181777,5.988517544083806,5.445529962554829,6.169212047943375,4.258046619760757,4.9241429345759125,4.594858858239161,4.914837049724687,3.0,5.3875463407230795]},"vertices":[{"name":"EARTHSTONE ENERGY INC","cik":10254,"fy":2022,"cl":2,"nm":0.2669285504443844,"pe":1.2957656961004231,"pb":0.3576584723854002,"rg":3.039514539739731,"rev":1695154000.0,"mdp":66.18013671089666},{"name":"HARTE HANKS, INC.","cik":45919,"fy":2022,"cl":2,"nm":0.17828367542830548,"pe":1.936687839895584,"pb":3.786879625691195,"rg":0.06003206643507575,"rev":206278000.0,"mdp":65.98847339498727},{"name":"MESABI TRUST","cik":65172,"fy":2022,"cl":2,"nm":0.9622998472287702,"pe":6.626855856793234,"pb":14.797998048498654,"rg":1.7536889656399415,"rev":71459790.0,"mdp":98.02305321002547},{"name":"DISTRIBUTION SOLUTIONS GROUP, INC.","cik":703604,"fy":2022,"cl":2,"nm":0.006432046634509328,"pe":31.006481231433973,"pb":0.40787928844838767,"rg":1.7563587267465104,"rev":1151422000.0,"mdp":43.17919849886074},{"name":"Old National Bancorp /IN/","cik":707179,"fy":2022,"cl":2,"nm":0.2945168552924559,"pe":9.996074450076701,"pb":0.8347683406469023,"rg":10.576566679403898,"rev":1454202000.0,"mdp":40.41817450743868},{"name":"HG Holdings, Inc.","cik":797465,"fy":2022,"cl":2,"nm":0.2582516227040464,"pe":4.090909090909091,"pb":0.45915611307844667,"rg":4.947433264887064,"rev":14482000.0,"mdp":50.74520841710226},{"name":"Escalon Medical Corp.","cik":862668,"fy":2022,"cl":2,"nm":0.0016893283889575607,"pe":18.094519108456392,"pb":0.22135537006678543,"rg":0.02210289012671109,"rev":10703070.0,"mdp":24.074520841710225},{"name":"CPI AEROSTRUCTURES, INC.","cik":889348,"fy":2022,"cl":2,"nm":0.1101114882681102,"pe":2.053727867396451,"pb":4.490191635513685,"rg":-0.193807375216824,"rev":83335764.0,"mdp":95.49256131885807},{"name":"Evolution Petroleum Corp","cik":1006655,"fy":2022,"cl":2,"nm":0.29954280887942275,"pe":4.74132646806424,"pb":2.04862674470959,"rg":2.330830557335414,"rev":108926000.0,"mdp":32.245007371666},{"name":"Outdoor Holding Company","cik":1015383,"fy":2022,"cl":2,"nm":0.1383757914238567,"pe":16.0633113182021,"pb":1.4268202697272727,"rg":2.845393825742414,"rev":240269166.0,"mdp":13.61479694410937},{"name":"MARRIOTT INTERNATIONAL INC /MD/","cik":1048286,"fy":2022,"cl":2,"nm":0.11351273287440428,"pe":15.81139350932994,"pb":65.63955263204225,"rg":0.4990979288446273,"rev":20773000000.0,"mdp":92.81195550194344},{"name":"PEAPACK GLADSTONE FINANCIAL CORP","cik":1050743,"fy":2022,"cl":2,"nm":0.3061728598704314,"pe":6.828650701721305,"pb":129.70069071373752,"rg":0.15307840079123555,"rev":242497000.0,"mdp":51.93673770272081},{"name":"NORTHERN OIL AND GAS, INC.","cik":1104485,"fy":2022,"cl":2,"nm":0.4923398714450808,"pe":2.457202642915432,"pb":2.5494458309851598,"rg":2.1606724907878663,"rev":1570535000.0,"mdp":91.95952285216458},{"name":"Travelzoo","cik":1133311,"fy":2022,"cl":2,"nm":0.09396733664782787,"pe":6.9359360868254445,"pb":10.811325187969924,"rg":0.12576540375047837,"rev":70599000.0,"mdp":81.52392440691597},{"name":"The Bancorp, Inc.","cik":1295401,"fy":2022,"cl":2,"nm":0.42236494266854796,"pe":8.294102739357822,"pb":1.5561264554465146,"rg":39.96399149614669,"rev":308295000.0,"mdp":7.426618415761962},{"name":"FEDERAL HOME LOAN BANK OF PITTSBURGH","cik":1330399,"fy":2022,"cl":2,"nm":0.1410355868460036,"pe":9.184032976905597,"pb":0.4257556223159317,"rg":2.8871827187499246,"rev":1610005000.0,"mdp":22.005093151052137},{"name":"FEDERAL HOME LOAN BANK OF INDIANAPOLIS","cik":1331754,"fy":2022,"cl":2,"nm":0.12709724183754773,"pe":13.013024340013352,"pb":0.6797296921888419,"rg":1.9600659005234153,"rev":1390636000.0,"mdp":58.03913684492695},{"name":"INVESCO DB G10 CURRENCY HARVEST FUND","cik":1354730,"fy":2022,"cl":2,"nm":0.21300836458032882,"pe":297.88463761414863,"pb":0.9584995313904877,"rg":65.81410105757932,"rev":568588.0,"mdp":97.23763570566948},{"name":"United States Natural Gas Fund, LP","cik":1376227,"fy":2022,"cl":2,"nm":0.9376712561423635,"pe":5.528696763481889,"pb":0.9661731155909725,"rg":2.6127958347450373,"rev":80016838.0,