{"year":2023,"n":32,"dots":{"x":[9.698668479919434,5.227413654327393,3.757251024246216,6.96601676940918,3.686110734939575,3.711235761642456,9.39502239227295,2.623750686645508,4.159958839416504,9.640983581542969,2.320636749267578,5.942986011505127,7.007928371429443,4.32834005355835,3.1464765071868896,9.52115249633789,7.178628921508789,7.188027381896973,2.881288528442383,3.8018314838409424,3.286567211151123,9.32801628112793,9.556404113769531,9.315003395080566,9.572341918945312,9.22031021118164,3.189523458480835,9.571186065673828,5.143963813781738,8.431127548217773,2.6779441833496094,6.3229851722717285],"y":[6.486611843109131,2.9155848026275635,-3.6678364276885986,2.957453966140747,3.472827672958374,-3.621095895767212,6.960185527801514,2.8385159969329834,-3.790841817855835,6.879548072814941,2.7006258964538574,-3.7784218788146973,3.039616107940674,-3.5398993492126465,3.129427909851074,6.982028961181641,2.812163829803467,2.594348907470703,2.997382402420044,3.556669235229492,3.1574316024780273,6.974312782287598,6.805660724639893,6.977953910827637,6.78618049621582,6.629073143005371,-1.5001593828201294,6.949291706085205,3.0609514713287354,-4.0034661293029785,2.8866190910339355,2.97475528717041],"z":[1.170617160064949,0.5061229994605015,0.6757872199747138,1.626769773235622,1.0502135471112963,0.8293045532744215,0.9642533478379316,1.2514411682503959,0.6164113070029862,2.4586337527968367,0.13994961165953893,0.5486996321736233,0.6924477484343069,1.9360004762186276,0.8688962625232569,0.6085110266571618,2.086367796540435,0.4488307145996172,0.9932829640438816,0.5182616566507748,0.3596166359964015,2.2827984152410226,1.216974892143525,0.5974728847364281,1.4546799188877626,1.0897866320232827,2.438458408321596,0.4710278196140858,1.3746929098288827,0.1179074476166954,0.8135883356653557,1.6483962609231766],"color":[0.7326022605941735,0.8311654588254314,0.30828462982650995,0.3185199008587464,0.5358161002587036,0.32684765323223963,0.531285648114558,0.4042306183973132,0.5316497071874006,0.18069552836535627,0.747877232274216,0.2418097000687402,0.37604528396027126,0.00563473250469953,0.28798267721575704,0.3699251471530289,0.0981242101642976,0.5756522450083931,0.8534055114329722,0.536067012671558,0.37070079848767384,0.33278194272440886,0.3632587160102505,0.7671072175683613,0.3462478208151449,0.976623032080314,0.4793313472383285,0.2394626797763393,0.928269942660971,0.3708274583082137,0.3897384920796916,0.8991724235585374],"size":[4.703386782959662,3.884745943236039,4.720727516950374,5.145258559715398,6.186152184330359,4.5435275885705915,5.159184896308465,7.0,5.90739941795367,5.30387899544867,6.627751754148861,4.54936516852803,4.802776807179038,4.5859961148648765,6.889675649086305,4.3509504524831435,3.0,3.744508789947464,5.553032626897914,5.25533765926734,4.238081022043348,3.539586348440592,5.416553478349436,5.337182804089354,5.544413797553004,3.0,4.55130223064713,4.173030572085218,4.272844635964238,4.68419414600596,7.0,3.007749918597044]},"vertices":[{"name":"CAPITAL SOUTHWEST CORPORATION","cik":17313,"fy":2023,"cl":2,"nm":0.4793308227114716,"pe":13.82347272837156,"pb":0.7748204343437081,"rg":6.396614527533748,"rev":69040000.0,"mdp":99.23870794799625},{"name":"KOSS CORPORATION","cik":56701,"fy":2023,"cl":2,"nm":0.6337863504913223,"pe":2.9931122160151666,"pb":0.789868025051417,"rg":-0.2560088399863534,"rev":13099651.0,"mdp":81.78394317115668},{"name":"Siebert Financial Corp.","cik":65596,"fy":2023,"cl":2,"nm":0.1094331179908829,"pe":4.423715819064657,"pb":0.4965576592082616,"rg":0.42736816893537183,"rev":71514000.0,"mdp":41.880444980565606},{"name":"Atrion Corporation","cik":701288,"fy":2023,"cl":2,"nm":0.11463685435196012,"pe":39.51570851579002,"pb":3157.9833504193275,"rg":-0.0772726777326082,"rev":169326000.0,"mdp":78.90095161506501},{"name":"UNITED BANKSHARES INC/WV","cik":729986,"fy":2023,"cl":2,"nm":0.26140567464961606,"pe":10.476435586506621,"pb":0.8043306454925764,"rg":3.4920293501989055,"rev":1401320000.0,"mdp":68.00428896930705},{"name":"Transcontinental Realty Investors, Inc.","cik":733590,"fy":2023,"cl":2,"nm":0.11896603546738804,"pe":6.2994778507663804,"pb":0.045278066650766884,"rg":0.36129296235679215,"rev":49905000.0,"mdp":44.4457847473529},{"name":"BAR HARBOR BANKSHARES","cik":743367,"fy":2023,"cl":2,"nm":0.257500775051383,"pe":8.59514777490413,"pb":0.8922613994847926,"rg":4.931821277755074,"rev":174182000.0,"mdp":95.69092614930975},{"name":"ALBEMARLE CORPORATION","cik":915913,"fy":2023,"cl":2,"nm":0.16361056327915716,"pe":16.65103249112157,"pb":2.7836271724510158,"rg":1.889821893732401,"rev":9617203000.0,"mdp":92.75566277978822},{"name":"FREEDOM HOLDING CORP.","cik":924805,"fy":2023,"cl":2,"nm":0.25781300074274877,"pe":3.858436053426928,"pb":1.0183131952887294,"rg":0.40914669457711944,"rev":795693000.0,"mdp":95.20975740517356},{"name":"TG THERAPEUTICS, INC.","cik":1001316,"fy":2023,"cl":2,"nm":0.054232181527163165,"pe":268.30808080808083,"pb":21.183536653748863,"rg":82.90017953321365,"rev":233662000.0,"mdp":65.31028012330786},{"name":"CNX Resources Corporation","cik":1070412,"fy":2023,"cl":2,"nm":0.5009438279706127,"pe":1.2881000932170097,"pb":0.5082425590177704,"rg":1.7235315898767136,"rev":3434948000.0,"mdp":60.42219541616405},{"name":"American Realty Investors, Inc.","cik":1102238,"fy":2023,"cl":2,"nm":0.07857425742574257,"pe":3.3014112903225805,"pb":0.021231663379270443,"rg":0.3450884295759642,"rev":50500000.0,"mdp":58.78836617075459},{"name":"Travelzoo","cik":1133311,"fy":2023,"cl":2,"nm":0.14638303917042508,"pe":4.596716804140385,"pb":13.579311992355471,"rg":0.19657502230909787,"rev":84477000.0,"mdp":95.4912210159496},{"name":"TSS, INC.","cik":1320760,"fy":2023,"cl":2,"nm":0.0013603191235132999,"pe":80.53793243243243,"pb":1.6792919132149902,"rg":0.7755981329764664,"rev":54399000.0,"mdp":98.10615199034982},{"name":"FEDERAL HOME LOAN BANK OF PITTSBURGH","cik":1330399,"fy":2023,"cl":2,"nm":0.09948169671500641,"pe":6.900749498357087,"pb":0.7066171010000813,"rg":2.631163257256965,"rev":5846191000.0,"mdp":76.90255997855515},{"name":"LAKE SHORE BANCORP, INC.","cik":1341318,"fy":2023,"cl":2,"nm":0.1427936601984891,"pe":3.7888815352697094,"pb":0.21168162692847126,"rg":29.57518115942029,"rev":33755000.0,"mdp":20.92212840101863},{"name":"CLEARTRONIC, INC.","cik":1362516,"fy":2023,"cl":2,"nm":0.02652776442279504,"pe":113.85911309144919,"pb":1243.8508788873864,"rg":0.2910790729953485,"rev":2131955.0,"mdp":99.70513336013938},{"name":"VPR BRANDS, LP","cik":1376231,"fy":2023,"cl":2,"nm":0.29763081848926687,"pe":2.623195837973378,"pb":12.523504419592713,"rg":0.9997144663869912,"rev":9853825.0,"mdp":97.70942232944645},{"name":"MARA HOLDINGS, INC.","cik":1507605,"fy":2023,"cl":2,"nm":0.6739809242647894,"pe":9.189311299406906,"pb":1.4852211215771067,"rg":2.290854585445806,"rev":387508000.0,"mdp":57.20948934459188},{"name":"Five Point Holdings, LLC","cik":1574197,"fy":2023,"cl":2,"nm":0.26162318402508833,"pe":3.077950680579124,"pb":0.0860197043142035,"rg":3.959291703752284,"rev":211732000.0,"mdp":98.81785283474065},{"name":"FG Nexus Inc.","cik":1591890,"fy":2023,"cl":2,"nm":0.14324565978690112,"pe":2.1360756827048113,"pb":0.19328840722959617,"rg":2.534167215273206,"rev":26842000.0,"mdp":91.14863959254792},{"name":"flooidCX Corp.","cik":1609988,"fy":2023,"cl":2,"nm":0.12210415384615385,"pe":178.97749084325235,"pb":59.225808469042335,"rg":120.02029417240738,"rev":6500000.0,"mdp":95.69896796676048},{"name":"KEARNY FINANCIAL CORP.","cik":1617242,"fy":2023,"cl":2,"nm":0.138943361795427,"pe":15.380657175761437,"pb":0.7220885234284767,"rg":112.84651162790698,"rev":293724000.0,"mdp":18.253585310280123},{"name":"Voyager Therapeutics, Inc.","cik":1640266,"fy":2023,"cl":2,"nm":0.5293030623020063,"pe":3.693795813496562,"pb":2.068381855111713,"rg":5.111619038306403,"rev":250008000.0,"mdp":14.110709020238573},{"name":"Amylyx Pharmaceuticals, Inc.","cik":1658551,"fy":2023,"cl":2,"nm":0.12939288734354729,"pe":26.587647906476427,"pb":3.022388748408055,"rg":16.129374718848403,"rev":380786000.0,