{"year":2018,"n":35,"dots":{"x":[2.745204210281372,9.633628845214844,2.3533568382263184,9.395934104919434,7.128484725952148,9.745864868164062,5.202815532684326,3.306856393814087,9.748764038085938,4.055333137512207,6.543431758880615,9.38965129852295,12.516793251037598,2.7656402587890625,9.601301193237305,9.342131614685059,2.7752015590667725,3.9334640502929688,9.660637855529785,3.3618390560150146,2.049834728240967,3.9938297271728516,3.539832592010498,3.3658266067504883,9.318428039550781,9.361395835876465,2.333695650100708,9.456862449645996,9.583959579467773,2.996628999710083,3.1690666675567627,2.629608154296875,3.7700724601745605,9.291431427001953,4.620715141296387],"y":[2.979975461959839,6.880786418914795,2.7888450622558594,7.000899314880371,3.0739073753356934,6.898092746734619,-3.8095762729644775,3.254185676574707,6.88351583480835,-4.5319366455078125,2.986010789871216,6.952359199523926,-3.867988109588623,2.936147928237915,6.764473915100098,7.002967834472656,3.000170946121216,-3.855072021484375,6.901811599731445,-3.92006778717041,2.6893064975738525,3.6941449642181396,-4.537485599517822,3.273561716079712,7.002781867980957,6.980920314788818,2.5893917083740234,6.816693305969238,6.625690937042236,3.0876190662384033,3.1858835220336914,2.8666985034942627,3.5374951362609863,6.586983680725098,-3.9037370681762695],"z":[1.1156587253839865,1.273025560167598,0.2827852215240466,1.1071318427608345,0.27516466860481337,1.3860762483147608,0.7153251357958057,1.1191939799876833,1.0486183007042305,0.2830391388996245,-0.09791182852386635,1.148290093048405,0.7581583934635011,0.7490824853927445,1.821380600689655,1.1492026256501506,0.655120051402732,1.3958778034219537,1.0897458871391048,0.3638472736232531,0.8734342919749501,1.2908589328035427,0.0032762169087303603,1.1811731634758955,1.240979443210876,1.2430367004267622,1.595838018352571,2.0991534395876967,0.06927947212243185,1.987294554654054,0.363170138295699,0.9745963576173151,1.1917981953389603,2.0143218194497248,-0.19262820055187654],"color":[0.5343293336173736,0.19584479688733217,0.18126012775555442,0.6721111743796866,0.38251840590682956,0.23172459123461212,0.6397305105065277,0.793823654701226,0.2508009712507849,0.5230732916203507,0.9536080705239258,0.5041634186523516,0.45785977254275695,0.7399787489279513,0.07894387779475676,0.6319835307530944,0.4740350101448713,0.16011408143712771,0.10630376866975778,0.12209762673166086,0.9022347997384017,0.6590775448380057,0.4784645001027552,0.20261811620185197,0.7164841340929358,0.5191640235152487,0.2900924979561081,0.26885922120378514,0.11961308999259372,0.07002775812379144,0.3097683075614636,0.4787312523620335,0.8013215322205309,0.8108755370926426,0.7562928586769843],"size":[7.0,5.951872436330728,4.5041397248113695,6.827871578403705,4.057347535174934,5.422993725309292,5.490508349490181,5.900843268529471,4.494419560234395,5.762797218332929,5.4575977107397105,4.801947520152622,5.783425901136033,4.752610888479468,5.499183789592553,5.946053134208772,5.628192403578882,5.910833210497794,7.0,3.5396132836724963,4.357866529810796,3.0,5.187024386206117,4.18464221896533,5.080122234308878,4.963467186393124,3.5613730195817683,4.353728917501305,4.1930565472346295,5.650508951420443,5.0997818530159345,5.030516664434487,5.763377379537335,3.1173545121911808,3.0]},"vertices":[{"name":"American Express Co","cik":4962,"fy":2018,"cl":2,"nm":0.26011951742022776,"pe":12.180320762895535,"pb":3.781965006729475,"rg":2.1108383023500528,"rev":26607000000.0,"mdp":84.48197292588125},{"name":"APOGEE ENTERPRISES, INC.","cik":6845,"fy":2018,"cl":2,"nm":0.059937881407629325,"pe":17.499496779388085,"pb":2.7202237193339265,"rg":16.403845144356957,"rev":1326173000.0,"mdp":35.044900147433324},{"name":"CRAWFORD UNITED CORPORATION","cik":47307,"fy":2018,"cl":2,"nm":0.054441130209017384,"pe":1.7897205365123376,"pb":0.5066420116431142,"rg":1.787044739759669,"rev":66378306.0,"mdp":79.19179734620025},{"name":"TRUIST FINANCIAL CORP","cik":92230,"fy":2018,"cl":2,"nm":0.40110837438423647,"pe":11.943506294135707,"pb":1.2890184902909405,"rg":54.61643835616438,"rev":8120000000.0,"mdp":83.34003484787561},{"name":"FUSE MEDICAL, INC.","cik":319016,"fy":2018,"cl":2,"nm":0.1502371988074727,"pe":1.7585902807643308,"pb":4.745204829397471,"rg":-0.002467811248187332,"rev":26342038.0,"mdp":91.93271679399544},{"name":"UNITIL CORP","cik":755001,"fy":2018,"cl":2,"nm":0.07430758838099527,"pe":22.70263403030303,"pb":2.13261293196698,"rg":73.01666666666667,"rev":444100000.0,"mdp":10.983782334807666},{"name":"OCTAVE SPECIALTY GROUP, INC.","cik":874501,"fy":2018,"cl":2,"nm":0.3636717900916655,"pe":4.845349803190945,"pb":0.5652299897550058,"rg":-0.25525857932677937,"rev":510661000.0,"mdp":95.46977616941429},{"name":"NEKTAR THERAPEUTICS","cik":906709,"fy":2018,"cl":2,"nm":0.5709376254375387,"pe":12.2798759600947,"pb":4.871076447898927,"rg":2.8780641576024255,"rev":1193323000.0,"mdp":94.37072778447929},{"name":"Condor Hospitality Trust, Inc.","cik":929545,"fy":2018,"cl":2,"nm":0.08246614507278233,"pe":10.43802423112768,"pb":0.5233449216851707,"rg":915.2957746478874,"rev":65057000.0,"mdp":42.140463744806326},{"name":"Global Industrial Company","cik":945114,"fy":2018,"cl":2,"nm":0.25052960196231466,"pe":1.7907672318647085,"pb":2.922188794480755,"rg":-0.29121226489647545,"rev":896900000.0,"mdp":78.61144618683824},{"name":"SIGA TECHNOLOGIES, INC.","cik":1010086,"fy":2018,"cl":2,"nm":0.8841934471866318,"pe":0.7448831864732487,"pb":3.052990473556024,"rg":null,"rev":477053782.0,"mdp":55.51668677121029},{"name":"Enterprise Bancorp,\u00a0Inc.","cik":1018399,"fy":2018,"cl":2,"nm":0.23499019552004427,"pe":13.130766940202902,"pb":1.485445109029875,"rg":923.0827067669173,"rev":122903000.0,"mdp":41.393915024795604},{"name":"FLAGSTAR BANCORP INC","cik":1033012,"fy":2018,"cl":2,"nm":0.1997863247863248,"pe":5.347593582887701,"pb":0.6369426751592356,"rg":0.08837209302325581,"rev":936000000.0,"mdp":85.52070767993567},{"name":"Immersion Corporation","cik":1058811,"fy":2018,"cl":2,"nm":0.4896692166986547,"pe":5.236998932705224,"pb":2.8556515452538633,"rg":2.169651272384543,"rev":110979000.0,"mdp":38.78568556493768},{"name":"Astrana Health,\u00a0Inc.","cik":1083446,"fy":2018,"cl":2,"nm":0.020840239366155863,"pe":61.855824576682124,"pb":3.7121210474689885,"rg":8.053257277354703,"rev":519907752.0,"mdp":32.425948264307735},{"name":"PacWest Bancorp","cik":1102112,"fy":2018,"cl":2,"nm":0.35513792590274784,"pe":13.158386103464355,"pb":1.2688837569639182,"rg":77.60729497870298,"rev":1310305000.0,"mdp":51.71692802573381},{"name":"NORTHERN OIL AND GAS, INC.","cik":1104485,"fy":2018,"cl":2,"nm":0.2116424371878902,"pe":4.218130885031158,"pb":1.4099779348572654,"rg":2.2434816051615294,"rev":678924496.0,"mdp":25.516686771210296},{"name":"ARES MANAGEMENT CORPORATION","cik":1176948,"fy":2018,"cl":2,"nm":0.04680526563342661,"pe":23.22083344440547,"pb":2.2520800698729766,"rg":-0.13935721607715723,"rev":1218239000.0,"mdp":67.99624715185631},{"name":"Marathon Petroleum Corporation","cik":1510295,"fy":2018,"cl":2,"nm":0.029033942558746736,"pe":11.474820143884893,"pb":0.9068941009239516,"rg":438.2201834862385,"rev":95750000000.0,"mdp":78.09140865835678},{"name":"Petrogress, Inc.","cik":1558465,"fy":2018,"cl":2,"nm":0.03401443364888431,"pe":2.156985738339733,"pb":0.06101507476671934,"rg":-0.01488472127460725,"rev":9026962.0,"mdp":91.86570164857257},{"name":"Cherry Hill Mortgage Investment Corporation","cik":1571776,"fy":2018,"cl":2,"nm":0.7701231446746045,"pe":6.97323485028989,"pb":0.7303014087552991,"rg":1.6874143882526984,"rev":49048000.0,"mdp":61.81611044095966},{"name":"RENAVOTIO, INC.","cik":1574910,"fy":2018,"cl":2,"nm":0.385689298112308,"pe":18.233033621404964,"pb":21.766358432895977,"rg":4.3609424920127795,"rev":1677975.0,"mdp":84.3452620292186},{"name":"Vince Holding Corp.","cik":1579157,"fy":2018,"cl":2,"nm":0.21497017411274405,"pe":0.9403211768520573,"pb":0.7369364308737578,"rg":0.01634234281261302,"rev":272582000.0,